-- phpMyAdmin SQL Dump
-- version 3.4.10.1deb1
-- http://www.phpmyadmin.net
--
-- Client: localhost
-- Généré le : Jeu 02 Janvier 2014 à 16:52
-- Version du serveur: 5.5.34
-- Version de PHP: 5.3.10-1ubuntu3.9

SET FOREIGN_KEY_CHECKS=0;
SET SQL_MODE="NO_AUTO_VALUE_ON_ZERO";
SET time_zone = "+00:00";


/*!40101 SET @OLD_CHARACTER_SET_CLIENT=@@CHARACTER_SET_CLIENT */;
/*!40101 SET @OLD_CHARACTER_SET_RESULTS=@@CHARACTER_SET_RESULTS */;
/*!40101 SET @OLD_COLLATION_CONNECTION=@@COLLATION_CONNECTION */;
/*!40101 SET NAMES utf8 */;

--
-- Base de données: `quiz`
--

--
-- Contenu de la table `navigation`
--




INSERT INTO `navigation` (`ancestor`, `descendant`, `depth`) VALUES
(00001, 00001, 0),
(00001, 00002, 1),
(00001, 00003, 1),
(00001, 00004, 1),
(00001, 00005, 2),
(00001, 00006, 3),
(00001, 00007, 3),
(00001, 00008, 4),
(00001, 00009, 3),
(00001, 00010, 4),
(00001, 00015, 1),
(00001, 00016, 1),
(00001, 00017, 2),
(00001, 00026, 2),
(00001, 00027, 2),
(00001, 00028, 2),
(00001, 00029, 2),
(00001, 00030, 2),
(00001, 00031, 2),
(00001, 00032, 2),
(00001, 00033, 3),
(00001, 00034, 3),
(00001, 00035, 3),
(00001, 00036, 3),
(00001, 00037, 3),
(00001, 00038, 3),
(00001, 00039, 2),
(00001, 00040, 2),
(00001, 00041, 4),
(00001, 00042, 4),
(00001, 00043, 5),
(00001, 00044, 5),
(00001, 00045, 4),
(00001, 00046, 5),
(00001, 00047, 3),
(00001, 00048, 4),
(00001, 00049, 4),
(00001, 00050, 4),
(00001, 00051, 5),
(00001, 00052, 5),
(00001, 00053, 5),
(00001, 00054, 3),
(00001, 00055, 4),
(00001, 00056, 4),
(00001, 00057, 4),
(00001, 00058, 5),
(00001, 00060, 5),
(00001, 00061, 5),
(00001, 00062, 3),
(00001, 00063, 3),
(00001, 00064, 4),
(00001, 00065, 3),
(00001, 00066, 4),
(00001, 00067, 3),
(00001, 00068, 3),
(00001, 00069, 4),
(00001, 00070, 4),
(00001, 00071, 2),
(00001, 00072, 2),
(00001, 00073, 2),
(00001, 00074, 2),
(00001, 00075, 3),
(00001, 00076, 3),
(00001, 00077, 3),
(00001, 00078, 3),
(00001, 00079, 3),
(00001, 00080, 3),
(00001, 00081, 3),
(00001, 00082, 3),
(00001, 00083, 3),
(00001, 00084, 3),
(00001, 00085, 3),
(00001, 00086, 3),
(00001, 00087, 3),
(00001, 00088, 3),
(00001, 00089, 3),
(00001, 00090, 3),
(00001, 00091, 3),
(00001, 00092, 3),
(00001, 00093, 3),
(00001, 00094, 3),
(00001, 00095, 3),
(00001, 00096, 3),
(00001, 00097, 4),
(00001, 00098, 4),
(00001, 00099, 4),
(00001, 00100, 4),
(00001, 00101, 4),
(00001, 00102, 4),
(00001, 00103, 4),
(00001, 00104, 4),
(00001, 00105, 4),
(00001, 00106, 4),
(00001, 00107, 4),
(00001, 00108, 4),
(00001, 00109, 5),
(00001, 00110, 5),
(00001, 00111, 5),
(00001, 00112, 5),
(00001, 00113, 5),
(00001, 00114, 5),
(00001, 00115, 5),
(00001, 00116, 4),
(00001, 00117, 4),
(00001, 00118, 4),
(00001, 00119, 4),
(00001, 00120, 4),
(00001, 00121, 4),
(00001, 00122, 4),
(00001, 00123, 4),
(00001, 00124, 4),
(00001, 00125, 4),
(00001, 00126, 4),
(00001, 00127, 4),
(00001, 00128, 4),
(00001, 00129, 4),
(00001, 00130, 4),
(00001, 00131, 4),
(00001, 00132, 4),
(00001, 00133, 4),
(00001, 00134, 4),
(00001, 00135, 4),
(00001, 00136, 4),
(00001, 00137, 4),
(00001, 00138, 4),
(00001, 00139, 4),
(00001, 00140, 4),
(00001, 00141, 4),
(00001, 00142, 4),
(00001, 00143, 4),
(00001, 00144, 4),
(00001, 00145, 4),
(00001, 00146, 4),
(00001, 00147, 4),
(00001, 00154, 4),
(00001, 00156, 4),
(00001, 00158, 5),
(00001, 00159, 5),
(00001, 00160, 5),
(00001, 00161, 5),
(00001, 00162, 5),
(00001, 00163, 5),
(00001, 00166, 5),
(00001, 00167, 5),
(00001, 00168, 5),
(00001, 00169, 5),
(00001, 00170, 5),
(00001, 00171, 5),
(00001, 00172, 5),
(00001, 00173, 5),
(00001, 00174, 5),
(00001, 00176, 5),
(00001, 00177, 5),
(00001, 00178, 5),
(00001, 00179, 5),
(00001, 00180, 5),
(00001, 00181, 5),
(00001, 00182, 5),
(00001, 00183, 5),
(00001, 00184, 5),
(00001, 00185, 5),
(00001, 00186, 5),
(00001, 00187, 5),
(00001, 00188, 5),
(00001, 00189, 5),
(00001, 00190, 5),
(00001, 00191, 5),
(00001, 00192, 5),
(00001, 00193, 5),
(00001, 00194, 5),
(00001, 00195, 6),
(00001, 00196, 6),
(00001, 00197, 6),
(00001, 00198, 6),
(00001, 00199, 6),
(00001, 00200, 6),
(00001, 00201, 6),
(00001, 00202, 6),
(00001, 00203, 6),
(00001, 00204, 6),
(00001, 00205, 6),
(00001, 00206, 6),
(00001, 00207, 6),
(00001, 00208, 6),
(00001, 00209, 6),
(00001, 00210, 6),
(00001, 00211, 6),
(00001, 00212, 6),
(00001, 00213, 6),
(00001, 00214, 6),
(00001, 00215, 6),
(00001, 00216, 5),
(00001, 00217, 5),
(00001, 00218, 5),
(00001, 00219, 5),
(00001, 00220, 5),
(00001, 00221, 5),
(00001, 00222, 5),
(00001, 00223, 5),
(00001, 00224, 5),
(00001, 00225, 6),
(00001, 00226, 6),
(00001, 00227, 6),
(00001, 00228, 6),
(00001, 00229, 6),
(00001, 00230, 6),
(00001, 00231, 6),
(00001, 00232, 6),
(00001, 00233, 6),
(00001, 00234, 6),
(00001, 00235, 6),
(00001, 00236, 6),
(00001, 00237, 6),
(00001, 00238, 5),
(00001, 00239, 6),
(00001, 00240, 6),
(00001, 00241, 6),
(00001, 00242, 5),
(00001, 00243, 5),
(00001, 00244, 5),
(00001, 00245, 6),
(00001, 00246, 6),
(00001, 00247, 6),
(00001, 00248, 6),
(00001, 00249, 6),
(00001, 00250, 6),
(00001, 00251, 6),
(00001, 00252, 6),
(00001, 00253, 6),
(00001, 00254, 6),
(00001, 00255, 6),
(00001, 00256, 6),
(00001, 00257, 6),
(00001, 00258, 6),
(00001, 00259, 6),
(00001, 00260, 6),
(00001, 00261, 6),
(00001, 00262, 6),
(00002, 00002, 0),
(00003, 00003, 0),
(00004, 00004, 0),
(00004, 00005, 1),
(00004, 00006, 2),
(00004, 00007, 2),
(00004, 00008, 3),
(00004, 00009, 2),
(00004, 00010, 3),
(00004, 00039, 1),
(00004, 00040, 1),
(00004, 00041, 3),
(00004, 00042, 3),
(00004, 00043, 4),
(00004, 00044, 4),
(00004, 00045, 3),
(00004, 00046, 4),
(00004, 00047, 2),
(00004, 00048, 3),
(00004, 00049, 3),
(00004, 00050, 3),
(00004, 00051, 4),
(00004, 00052, 4),
(00004, 00053, 4),
(00004, 00054, 2),
(00004, 00055, 3),
(00004, 00056, 3),
(00004, 00057, 3),
(00004, 00058, 4),
(00004, 00060, 4),
(00004, 00061, 4),
(00004, 00062, 2),
(00004, 00063, 2),
(00004, 00064, 3),
(00004, 00065, 2),
(00004, 00066, 3),
(00004, 00067, 2),
(00004, 00068, 2),
(00004, 00069, 3),
(00004, 00070, 3),
(00004, 00195, 5),
(00004, 00196, 5),
(00004, 00197, 5),
(00004, 00198, 5),
(00004, 00199, 5),
(00004, 00200, 5),
(00004, 00201, 5),
(00004, 00202, 5),
(00004, 00203, 5),
(00004, 00204, 5),
(00004, 00205, 5),
(00004, 00206, 5),
(00004, 00207, 5),
(00004, 00208, 5),
(00004, 00209, 5),
(00004, 00210, 5),
(00004, 00211, 5),
(00004, 00212, 5),
(00004, 00213, 5),
(00004, 00214, 5),
(00004, 00215, 5),
(00004, 00216, 4),
(00004, 00217, 4),
(00004, 00218, 4),
(00004, 00219, 4),
(00004, 00220, 4),
(00004, 00221, 4),
(00004, 00222, 4),
(00004, 00223, 4),
(00004, 00224, 4),
(00005, 00005, 0),
(00005, 00006, 1),
(00005, 00007, 1),
(00005, 00008, 2),
(00005, 00009, 1),
(00005, 00010, 2),
(00005, 00041, 2),
(00005, 00042, 2),
(00005, 00043, 3),
(00005, 00044, 3),
(00005, 00045, 2),
(00005, 00046, 3),
(00005, 00047, 1),
(00005, 00048, 2),
(00005, 00049, 2),
(00005, 00050, 2),
(00005, 00051, 3),
(00005, 00052, 3),
(00005, 00053, 3),
(00005, 00054, 1),
(00005, 00055, 2),
(00005, 00056, 2),
(00005, 00057, 2),
(00005, 00058, 3),
(00005, 00060, 3),
(00005, 00061, 3),
(00005, 00195, 4),
(00005, 00196, 4),
(00005, 00197, 4),
(00005, 00198, 4),
(00005, 00199, 4),
(00005, 00200, 4),
(00005, 00201, 4),
(00005, 00202, 4),
(00005, 00203, 4),
(00005, 00204, 4),
(00005, 00205, 4),
(00005, 00206, 4),
(00005, 00207, 4),
(00005, 00208, 4),
(00005, 00209, 4),
(00005, 00210, 4),
(00005, 00211, 4),
(00005, 00212, 4),
(00005, 00213, 4),
(00005, 00214, 4),
(00005, 00215, 4),
(00006, 00006, 0),
(00007, 00007, 0),
(00007, 00008, 1),
(00007, 00041, 1),
(00007, 00042, 1),
(00007, 00043, 2),
(00007, 00044, 2),
(00007, 00195, 3),
(00007, 00196, 3),
(00007, 00197, 3),
(00007, 00198, 3),
(00007, 00199, 3),
(00007, 00200, 3),
(00008, 00008, 0),
(00009, 00009, 0),
(00009, 00010, 1),
(00009, 00045, 1),
(00009, 00046, 2),
(00009, 00201, 3),
(00009, 00202, 3),
(00009, 00203, 3),
(00010, 00010, 0),
(00015, 00015, 0),
(00015, 00017, 1),
(00015, 00071, 1),
(00015, 00072, 1),
(00015, 00073, 1),
(00015, 00074, 1),
(00015, 00075, 2),
(00015, 00076, 2),
(00015, 00077, 2),
(00015, 00078, 2),
(00015, 00079, 2),
(00015, 00080, 2),
(00015, 00081, 2),
(00015, 00082, 2),
(00015, 00083, 2),
(00015, 00084, 2),
(00015, 00085, 2),
(00015, 00086, 2),
(00015, 00087, 2),
(00015, 00088, 2),
(00015, 00089, 2),
(00015, 00090, 2),
(00015, 00091, 2),
(00015, 00092, 2),
(00015, 00093, 2),
(00015, 00094, 2),
(00015, 00095, 2),
(00015, 00096, 2),
(00015, 00097, 3),
(00015, 00098, 3),
(00015, 00099, 3),
(00015, 00100, 3),
(00015, 00101, 3),
(00015, 00102, 3),
(00015, 00103, 3),
(00015, 00104, 3),
(00015, 00105, 3),
(00015, 00106, 3),
(00015, 00107, 3),
(00015, 00108, 3),
(00015, 00109, 4),
(00015, 00110, 4),
(00015, 00111, 4),
(00015, 00112, 4),
(00015, 00113, 4),
(00015, 00114, 4),
(00015, 00115, 4),
(00015, 00116, 3),
(00015, 00117, 3),
(00015, 00118, 3),
(00015, 00119, 3),
(00015, 00120, 3),
(00015, 00121, 3),
(00015, 00122, 3),
(00015, 00123, 3),
(00015, 00124, 3),
(00015, 00125, 3),
(00015, 00126, 3),
(00015, 00127, 3),
(00015, 00128, 3),
(00015, 00129, 3),
(00015, 00130, 3),
(00015, 00131, 3),
(00015, 00132, 3),
(00015, 00133, 3),
(00015, 00134, 3),
(00015, 00135, 3),
(00015, 00136, 3),
(00015, 00137, 3),
(00015, 00138, 3),
(00015, 00139, 3),
(00015, 00140, 3),
(00015, 00141, 3),
(00015, 00142, 3),
(00015, 00143, 3),
(00015, 00144, 3),
(00015, 00145, 3),
(00015, 00146, 3),
(00015, 00147, 3),
(00015, 00154, 3),
(00015, 00156, 3),
(00015, 00158, 4),
(00015, 00159, 4),
(00015, 00160, 4),
(00015, 00161, 4),
(00015, 00162, 4),
(00015, 00163, 4),
(00015, 00166, 4),
(00015, 00167, 4),
(00015, 00168, 4),
(00015, 00169, 4),
(00015, 00170, 4),
(00015, 00171, 4),
(00015, 00172, 4),
(00015, 00173, 4),
(00015, 00174, 4),
(00015, 00176, 4),
(00015, 00177, 4),
(00015, 00178, 4),
(00015, 00179, 4),
(00015, 00180, 4),
(00015, 00181, 4),
(00015, 00182, 4),
(00015, 00183, 4),
(00015, 00184, 4),
(00015, 00185, 4),
(00015, 00186, 4),
(00015, 00187, 4),
(00015, 00188, 4),
(00015, 00189, 4),
(00015, 00190, 4),
(00015, 00191, 4),
(00015, 00192, 4),
(00015, 00193, 4),
(00015, 00194, 4),
(00015, 00225, 5),
(00015, 00226, 5),
(00015, 00227, 5),
(00015, 00228, 5),
(00015, 00229, 5),
(00015, 00230, 5),
(00015, 00231, 5),
(00015, 00232, 5),
(00015, 00233, 5),
(00015, 00234, 5),
(00015, 00235, 5),
(00015, 00236, 5),
(00015, 00237, 5),
(00015, 00238, 4),
(00015, 00239, 5),
(00015, 00240, 5),
(00015, 00241, 5),
(00015, 00242, 4),
(00015, 00243, 4),
(00015, 00244, 4),
(00015, 00245, 5),
(00015, 00246, 5),
(00015, 00247, 5),
(00015, 00248, 5),
(00015, 00249, 5),
(00015, 00250, 5),
(00015, 00251, 5),
(00015, 00252, 5),
(00015, 00253, 5),
(00015, 00254, 5),
(00015, 00255, 5),
(00015, 00256, 5),
(00015, 00257, 5),
(00015, 00258, 5),
(00015, 00259, 5),
(00015, 00260, 5),
(00015, 00261, 5),
(00015, 00262, 5),
(00016, 00016, 0),
(00016, 00026, 1),
(00016, 00027, 1),
(00016, 00028, 1),
(00016, 00029, 1),
(00016, 00030, 1),
(00016, 00031, 1),
(00016, 00032, 1),
(00016, 00033, 2),
(00016, 00034, 2),
(00016, 00035, 2),
(00016, 00036, 2),
(00016, 00037, 2),
(00016, 00038, 2),
(00017, 00017, 0),
(00017, 00075, 1),
(00017, 00076, 1),
(00017, 00077, 1),
(00017, 00078, 1),
(00017, 00079, 1),
(00017, 00097, 2),
(00017, 00098, 2),
(00017, 00099, 2),
(00017, 00100, 2),
(00017, 00101, 2),
(00017, 00102, 2),
(00017, 00103, 2),
(00017, 00104, 2),
(00017, 00105, 2),
(00017, 00106, 2),
(00017, 00107, 2),
(00017, 00108, 2),
(00017, 00109, 3),
(00017, 00110, 3),
(00017, 00111, 3),
(00017, 00112, 3),
(00017, 00113, 3),
(00017, 00114, 3),
(00017, 00115, 3),
(00017, 00225, 4),
(00017, 00226, 4),
(00017, 00227, 4),
(00017, 00228, 4),
(00017, 00229, 4),
(00017, 00230, 4),
(00017, 00231, 4),
(00017, 00232, 4),
(00017, 00233, 4),
(00017, 00234, 4),
(00017, 00235, 4),
(00017, 00236, 4),
(00017, 00237, 4),
(00017, 00238, 3),
(00017, 00239, 4),
(00017, 00240, 4),
(00017, 00241, 4),
(00026, 00026, 0),
(00027, 00027, 0),
(00027, 00033, 1),
(00028, 00028, 0),
(00028, 00034, 1),
(00029, 00029, 0),
(00029, 00035, 1),
(00030, 00030, 0),
(00030, 00036, 1),
(00031, 00031, 0),
(00031, 00037, 1),
(00032, 00032, 0),
(00032, 00038, 1),
(00033, 00033, 0),
(00034, 00034, 0),
(00035, 00035, 0),
(00036, 00036, 0),
(00037, 00037, 0),
(00038, 00038, 0),
(00039, 00039, 0),
(00039, 00062, 1),
(00039, 00063, 1),
(00039, 00064, 2),
(00039, 00065, 1),
(00039, 00066, 2),
(00039, 00216, 3),
(00039, 00217, 3),
(00039, 00218, 3),
(00039, 00219, 3),
(00039, 00220, 3),
(00039, 00221, 3),
(00040, 00040, 0),
(00040, 00067, 1),
(00040, 00068, 1),
(00040, 00069, 2),
(00040, 00070, 2),
(00040, 00222, 3),
(00040, 00223, 3),
(00040, 00224, 3),
(00041, 00041, 0),
(00041, 00043, 1),
(00041, 00195, 2),
(00041, 00196, 2),
(00041, 00197, 2),
(00042, 00042, 0),
(00042, 00044, 1),
(00042, 00198, 2),
(00042, 00199, 2),
(00042, 00200, 2),
(00043, 00043, 0),
(00043, 00195, 1),
(00043, 00196, 1),
(00043, 00197, 1),
(00044, 00044, 0),
(00044, 00198, 1),
(00044, 00199, 1),
(00044, 00200, 1),
(00045, 00045, 0),
(00045, 00046, 1),
(00045, 00201, 2),
(00045, 00202, 2),
(00045, 00203, 2),
(00046, 00046, 0),
(00046, 00201, 1),
(00046, 00202, 1),
(00046, 00203, 1),
(00047, 00047, 0),
(00047, 00048, 1),
(00047, 00049, 1),
(00047, 00050, 1),
(00047, 00051, 2),
(00047, 00052, 2),
(00047, 00053, 2),
(00047, 00204, 3),
(00047, 00205, 3),
(00047, 00206, 3),
(00047, 00207, 3),
(00047, 00208, 3),
(00047, 00209, 3),
(00048, 00048, 0),
(00049, 00049, 0),
(00049, 00051, 1),
(00049, 00204, 2),
(00049, 00205, 2),
(00049, 00206, 2),
(00050, 00050, 0),
(00050, 00052, 1),
(00050, 00053, 1),
(00050, 00207, 2),
(00050, 00208, 2),
(00050, 00209, 2),
(00051, 00051, 0),
(00051, 00204, 1),
(00051, 00205, 1),
(00051, 00206, 1),
(00052, 00052, 0),
(00052, 00207, 1),
(00052, 00208, 1),
(00052, 00209, 1),
(00053, 00053, 0),
(00054, 00054, 0),
(00054, 00055, 1),
(00054, 00056, 1),
(00054, 00057, 1),
(00054, 00058, 2),
(00054, 00060, 2),
(00054, 00061, 2),
(00054, 00210, 3),
(00054, 00211, 3),
(00054, 00212, 3),
(00054, 00213, 3),
(00054, 00214, 3),
(00054, 00215, 3),
(00055, 00055, 0),
(00056, 00056, 0),
(00056, 00058, 1),
(00056, 00210, 2),
(00056, 00211, 2),
(00056, 00212, 2),
(00057, 00057, 0),
(00057, 00060, 1),
(00057, 00061, 1),
(00057, 00213, 2),
(00057, 00214, 2),
(00057, 00215, 2),
(00058, 00058, 0),
(00058, 00210, 1),
(00058, 00211, 1),
(00058, 00212, 1),
(00060, 00060, 0),
(00061, 00061, 0),
(00061, 00213, 1),
(00061, 00214, 1),
(00061, 00215, 1),
(00062, 00062, 0),
(00063, 00063, 0),
(00063, 00064, 1),
(00063, 00216, 2),
(00063, 00217, 2),
(00063, 00218, 2),
(00064, 00064, 0),
(00064, 00216, 1),
(00064, 00217, 1),
(00064, 00218, 1),
(00065, 00065, 0),
(00065, 00066, 1),
(00065, 00219, 2),
(00065, 00220, 2),
(00065, 00221, 2),
(00066, 00066, 0),
(00066, 00219, 1),
(00066, 00220, 1),
(00066, 00221, 1),
(00067, 00067, 0),
(00068, 00068, 0),
(00068, 00069, 1),
(00068, 00070, 1),
(00068, 00222, 2),
(00068, 00223, 2),
(00068, 00224, 2),
(00069, 00069, 0),
(00069, 00222, 1),
(00069, 00223, 1),
(00069, 00224, 1),
(00070, 00070, 0),
(00071, 00071, 0),
(00071, 00080, 1),
(00071, 00081, 1),
(00071, 00082, 1),
(00071, 00083, 1),
(00071, 00084, 1),
(00071, 00085, 1),
(00071, 00086, 1),
(00071, 00116, 2),
(00071, 00117, 2),
(00071, 00118, 2),
(00071, 00119, 2),
(00071, 00120, 2),
(00071, 00121, 2),
(00071, 00122, 2),
(00071, 00123, 2),
(00071, 00124, 2),
(00071, 00125, 2),
(00071, 00126, 2),
(00071, 00127, 2),
(00071, 00128, 2),
(00071, 00129, 2),
(00071, 00130, 2),
(00071, 00166, 3),
(00071, 00167, 3),
(00071, 00168, 3),
(00071, 00169, 3),
(00071, 00170, 3),
(00071, 00171, 3),
(00071, 00172, 3),
(00071, 00173, 3),
(00071, 00174, 3),
(00071, 00176, 3),
(00071, 00177, 3),
(00071, 00242, 3),
(00071, 00243, 3),
(00071, 00244, 3),
(00071, 00245, 4),
(00071, 00246, 4),
(00071, 00247, 4),
(00071, 00248, 4),
(00071, 00249, 4),
(00071, 00250, 4),
(00071, 00251, 4),
(00071, 00252, 4),
(00071, 00253, 4),
(00071, 00254, 4),
(00071, 00255, 4),
(00071, 00256, 4),
(00071, 00257, 4),
(00071, 00258, 4),
(00071, 00259, 4),
(00071, 00260, 4),
(00071, 00261, 4),
(00071, 00262, 4),
(00072, 00072, 0),
(00072, 00087, 1),
(00072, 00088, 1),
(00072, 00089, 1),
(00072, 00131, 2),
(00072, 00132, 2),
(00072, 00133, 2),
(00072, 00134, 2),
(00072, 00135, 2),
(00072, 00136, 2),
(00072, 00137, 2),
(00072, 00138, 2),
(00072, 00139, 2),
(00072, 00147, 2),
(00072, 00154, 2),
(00072, 00156, 2),
(00072, 00158, 3),
(00072, 00159, 3),
(00072, 00160, 3),
(00072, 00161, 3),
(00072, 00162, 3),
(00072, 00163, 3),
(00072, 00178, 3),
(00072, 00179, 3),
(00073, 00073, 0),
(00073, 00090, 1),
(00073, 00091, 1),
(00073, 00092, 1),
(00073, 00093, 1),
(00073, 00094, 1),
(00073, 00140, 2),
(00073, 00141, 2),
(00073, 00142, 2),
(00073, 00143, 2),
(00073, 00144, 2),
(00074, 00074, 0),
(00074, 00095, 1),
(00074, 00096, 1),
(00074, 00145, 2),
(00074, 00146, 2),
(00074, 00180, 3),
(00074, 00181, 3),
(00074, 00182, 3),
(00074, 00183, 3),
(00074, 00184, 3),
(00074, 00185, 3),
(00074, 00186, 3),
(00074, 00187, 3),
(00074, 00188, 3),
(00074, 00189, 3),
(00074, 00190, 3),
(00074, 00191, 3),
(00074, 00192, 3),
(00074, 00193, 3),
(00074, 00194, 3),
(00075, 00075, 0),
(00076, 00076, 0),
(00076, 00097, 1),
(00076, 00098, 1),
(00076, 00099, 1),
(00076, 00109, 2),
(00076, 00110, 2),
(00077, 00077, 0),
(00077, 00100, 1),
(00077, 00101, 1),
(00077, 00102, 1),
(00077, 00103, 1),
(00077, 00111, 2),
(00077, 00112, 2),
(00077, 00113, 2),
(00077, 00225, 3),
(00077, 00226, 3),
(00077, 00227, 3),
(00077, 00228, 3),
(00077, 00229, 3),
(00077, 00230, 3),
(00077, 00231, 3),
(00078, 00078, 0),
(00078, 00104, 1),
(00078, 00105, 1),
(00078, 00106, 1),
(00078, 00114, 2),
(00078, 00115, 2),
(00078, 00232, 3),
(00078, 00233, 3),
(00078, 00234, 3),
(00078, 00235, 3),
(00078, 00236, 3),
(00078, 00237, 3),
(00079, 00079, 0),
(00079, 00107, 1),
(00079, 00108, 1),
(00079, 00238, 2),
(00079, 00239, 3),
(00079, 00240, 3),
(00079, 00241, 3),
(00080, 00080, 0),
(00081, 00081, 0),
(00081, 00116, 1),
(00081, 00242, 2),
(00081, 00243, 2),
(00081, 00244, 2),
(00082, 00082, 0),
(00082, 00117, 1),
(00082, 00118, 1),
(00082, 00119, 1),
(00082, 00120, 1),
(00082, 00166, 2),
(00082, 00167, 2),
(00082, 00168, 2),
(00082, 00245, 3),
(00082, 00246, 3),
(00082, 00247, 3),
(00082, 00248, 3),
(00082, 00249, 3),
(00082, 00250, 3),
(00082, 00251, 3),
(00082, 00252, 3),
(00082, 00253, 3),
(00083, 00083, 0),
(00083, 00121, 1),
(00083, 00122, 1),
(00083, 00123, 1),
(00083, 00169, 2),
(00083, 00170, 2),
(00083, 00254, 3),
(00083, 00255, 3),
(00083, 00256, 3),
(00083, 00257, 3),
(00083, 00258, 3),
(00083, 00259, 3),
(00084, 00084, 0),
(00084, 00124, 1),
(00084, 00125, 1),
(00084, 00126, 1),
(00084, 00171, 2),
(00084, 00172, 2),
(00084, 00173, 2),
(00084, 00260, 3),
(00084, 00261, 3),
(00084, 00262, 3),
(00085, 00085, 0),
(00085, 00127, 1),
(00085, 00128, 1),
(00085, 00129, 1),
(00085, 00174, 2),
(00085, 00176, 2),
(00085, 00177, 2),
(00086, 00086, 0),
(00086, 00130, 1),
(00087, 00087, 0),
(00088, 00088, 0),
(00088, 00131, 1),
(00088, 00132, 1),
(00088, 00154, 1),
(00088, 00156, 1),
(00088, 00158, 2),
(00089, 00089, 0),
(00089, 00133, 1),
(00089, 00134, 1),
(00089, 00135, 1),
(00089, 00136, 1),
(00089, 00137, 1),
(00089, 00138, 1),
(00089, 00139, 1),
(00089, 00147, 1),
(00089, 00159, 2),
(00089, 00160, 2),
(00089, 00161, 2),
(00089, 00162, 2),
(00089, 00163, 2),
(00089, 00178, 2),
(00089, 00179, 2),
(00090, 00090, 0),
(00091, 00091, 0),
(00091, 00140, 1),
(00092, 00092, 0),
(00092, 00141, 1),
(00092, 00142, 1),
(00093, 00093, 0),
(00093, 00143, 1),
(00094, 00094, 0),
(00094, 00144, 1),
(00095, 00095, 0),
(00096, 00096, 0),
(00096, 00145, 1),
(00096, 00146, 1),
(00096, 00180, 2),
(00096, 00181, 2),
(00096, 00182, 2),
(00096, 00183, 2),
(00096, 00184, 2),
(00096, 00185, 2),
(00096, 00186, 2),
(00096, 00187, 2),
(00096, 00188, 2),
(00096, 00189, 2),
(00096, 00190, 2),
(00096, 00191, 2),
(00096, 00192, 2),
(00096, 00193, 2),
(00096, 00194, 2),
(00097, 00097, 0),
(00098, 00098, 0),
(00098, 00109, 1),
(00099, 00099, 0),
(00099, 00110, 1),
(00100, 00100, 0),
(00101, 00101, 0),
(00101, 00111, 1),
(00101, 00225, 2),
(00101, 00226, 2),
(00101, 00227, 2),
(00102, 00102, 0),
(00102, 00112, 1),
(00103, 00103, 0),
(00103, 00113, 1),
(00103, 00228, 2),
(00103, 00229, 2),
(00103, 00230, 2),
(00103, 00231, 2),
(00104, 00104, 0),
(00105, 00105, 0),
(00105, 00114, 1),
(00105, 00232, 2),
(00105, 00233, 2),
(00105, 00234, 2),
(00106, 00106, 0),
(00106, 00115, 1),
(00106, 00235, 2),
(00106, 00236, 2),
(00106, 00237, 2),
(00107, 00107, 0),
(00108, 00108, 0),
(00108, 00238, 1),
(00108, 00239, 2),
(00108, 00240, 2),
(00108, 00241, 2),
(00109, 00109, 0),
(00110, 00110, 0),
(00111, 00111, 0),
(00111, 00225, 1),
(00111, 00226, 1),
(00111, 00227, 1),
(00112, 00112, 0),
(00113, 00113, 0),
(00113, 00228, 1),
(00113, 00229, 1),
(00113, 00230, 1),
(00113, 00231, 1),
(00114, 00114, 0),
(00114, 00232, 1),
(00114, 00233, 1),
(00114, 00234, 1),
(00115, 00115, 0),
(00115, 00235, 1),
(00115, 00236, 1),
(00115, 00237, 1),
(00116, 00116, 0),
(00116, 00242, 1),
(00116, 00243, 1),
(00116, 00244, 1),
(00117, 00117, 0),
(00118, 00118, 0),
(00118, 00166, 1),
(00118, 00245, 2),
(00118, 00246, 2),
(00118, 00247, 2),
(00119, 00119, 0),
(00119, 00167, 1),
(00119, 00248, 2),
(00119, 00249, 2),
(00119, 00250, 2),
(00120, 00120, 0),
(00120, 00168, 1),
(00120, 00251, 2),
(00120, 00252, 2),
(00120, 00253, 2),
(00121, 00121, 0),
(00122, 00122, 0),
(00122, 00169, 1),
(00122, 00254, 2),
(00122, 00255, 2),
(00122, 00256, 2),
(00123, 00123, 0),
(00123, 00170, 1),
(00123, 00257, 2),
(00123, 00258, 2),
(00123, 00259, 2),
(00124, 00124, 0),
(00125, 00125, 0),
(00125, 00171, 1),
(00125, 00260, 2),
(00125, 00261, 2),
(00125, 00262, 2),
(00126, 00126, 0),
(00126, 00172, 1),
(00126, 00173, 1),
(00127, 00127, 0),
(00128, 00128, 0),
(00128, 00174, 1),
(00129, 00129, 0),
(00129, 00176, 1),
(00129, 00177, 1),
(00130, 00130, 0),
(00131, 00131, 0),
(00132, 00132, 0),
(00132, 00158, 1),
(00133, 00133, 0),
(00134, 00134, 0),
(00134, 00159, 1),
(00134, 00160, 1),
(00135, 00135, 0),
(00135, 00161, 1),
(00136, 00136, 0),
(00136, 00162, 1),
(00137, 00137, 0),
(00137, 00163, 1),
(00138, 00138, 0),
(00138, 00178, 1),
(00139, 00139, 0),
(00139, 00179, 1),
(00140, 00140, 0),
(00141, 00141, 0),
(00142, 00142, 0),
(00143, 00143, 0),
(00144, 00144, 0),
(00145, 00145, 0),
(00145, 00180, 1),
(00145, 00181, 1),
(00145, 00182, 1),
(00146, 00146, 0),
(00146, 00183, 1),
(00146, 00184, 1),
(00146, 00185, 1),
(00146, 00186, 1),
(00146, 00187, 1),
(00146, 00188, 1),
(00146, 00189, 1),
(00146, 00190, 1),
(00146, 00191, 1),
(00146, 00192, 1),
(00146, 00193, 1),
(00146, 00194, 1),
(00147, 00147, 0),
(00154, 00154, 0),
(00156, 00156, 0),
(00158, 00158, 0),
(00159, 00159, 0),
(00160, 00160, 0),
(00161, 00161, 0),
(00162, 00162, 0),
(00163, 00163, 0),
(00166, 00166, 0),
(00166, 00245, 1),
(00166, 00246, 1),
(00166, 00247, 1),
(00167, 00167, 0),
(00167, 00248, 1),
(00167, 00249, 1),
(00167, 00250, 1),
(00168, 00168, 0),
(00168, 00251, 1),
(00168, 00252, 1),
(00168, 00253, 1),
(00169, 00169, 0),
(00169, 00254, 1),
(00169, 00255, 1),
(00169, 00256, 1),
(00170, 00170, 0),
(00170, 00257, 1),
(00170, 00258, 1),
(00170, 00259, 1),
(00171, 00171, 0),
(00171, 00260, 1),
(00171, 00261, 1),
(00171, 00262, 1),
(00172, 00172, 0),
(00173, 00173, 0),
(00174, 00174, 0),
(00176, 00176, 0),
(00177, 00177, 0),
(00178, 00178, 0),
(00179, 00179, 0),
(00180, 00180, 0),
(00181, 00181, 0),
(00182, 00182, 0),
(00183, 00183, 0),
(00184, 00184, 0),
(00185, 00185, 0),
(00186, 00186, 0),
(00187, 00187, 0),
(00188, 00188, 0),
(00189, 00189, 0),
(00190, 00190, 0),
(00191, 00191, 0),
(00192, 00192, 0),
(00193, 00193, 0),
(00194, 00194, 0),
(00195, 00195, 0),
(00196, 00196, 0),
(00197, 00197, 0),
(00198, 00198, 0),
(00199, 00199, 0),
(00200, 00200, 0),
(00201, 00201, 0),
(00202, 00202, 0),
(00203, 00203, 0),
(00204, 00204, 0),
(00205, 00205, 0),
(00206, 00206, 0),
(00207, 00207, 0),
(00208, 00208, 0),
(00209, 00209, 0),
(00210, 00210, 0),
(00211, 00211, 0),
(00212, 00212, 0),
(00213, 00213, 0),
(00214, 00214, 0),
(00215, 00215, 0),
(00216, 00216, 0),
(00217, 00217, 0),
(00218, 00218, 0),
(00219, 00219, 0),
(00220, 00220, 0),
(00221, 00221, 0),
(00222, 00222, 0),
(00223, 00223, 0),
(00224, 00224, 0),
(00225, 00225, 0),
(00226, 00226, 0),
(00227, 00227, 0),
(00228, 00228, 0),
(00229, 00229, 0),
(00230, 00230, 0),
(00231, 00231, 0),
(00232, 00232, 0),
(00233, 00233, 0),
(00234, 00234, 0),
(00235, 00235, 0),
(00236, 00236, 0),
(00237, 00237, 0),
(00238, 00238, 0),
(00238, 00239, 1),
(00238, 00240, 1),
(00238, 00241, 1),
(00239, 00239, 0),
(00240, 00240, 0),
(00241, 00241, 0),
(00242, 00242, 0),
(00243, 00243, 0),
(00244, 00244, 0),
(00245, 00245, 0),
(00246, 00246, 0),
(00247, 00247, 0),
(00248, 00248, 0),
(00249, 00249, 0),
(00250, 00250, 0),
(00251, 00251, 0),
(00252, 00252, 0),
(00253, 00253, 0),
(00254, 00254, 0),
(00255, 00255, 0),
(00256, 00256, 0),
(00257, 00257, 0),
(00258, 00258, 0),
(00259, 00259, 0),
(00260, 00260, 0),
(00261, 00261, 0),
(00262, 00262, 0);

--
-- Contenu de la table `nodes`
--

INSERT INTO `nodes` (`id`, `meta_id`, `position`, `status`, `quiz_id`) VALUES
(00001, 1, 0, 'visible', 1),
(00002, 2, 0, 'visible', 1),
(00003, 3, 1, 'visible', 1),
(00004, 4, 1, 'visible', 1),
(00005, 5, 0, 'visible', 1),
(00006, 6, 0, 'visible', 1),
(00007, 7, 0, 'visible', 1),
(00008, 8, 0, 'visible', 1),
(00009, 9, 0, 'visible', 1),
(00010, 10, 0, 'visible', 1),
(00012, 12, 3, 'visible', 1),
(00013, 13, 1, 'visible', 1),
(00015, 15, 0, 'visible', 1),
(00016, 16, 2, 'visible', 1),
(00017, 17, 0, 'visible', 1),
(00018, 18, 2, 'visible', 1),
(00026, 26, NULL, NULL, 1),
(00027, 27, NULL, NULL, 1),
(00028, 28, NULL, NULL, 1),
(00029, 29, NULL, NULL, 1),
(00030, 30, NULL, NULL, 1),
(00031, 31, NULL, NULL, 1),
(00032, 32, NULL, NULL, 1),
(00033, 33, NULL, NULL, 1),
(00034, 34, NULL, NULL, 1),
(00035, 35, NULL, NULL, 1),
(00036, 36, NULL, NULL, 1),
(00037, 37, NULL, NULL, 1),
(00038, 38, NULL, NULL, 1),
(00039, 39, NULL, NULL, 1),
(00040, 40, NULL, NULL, 1),
(00041, 41, NULL, NULL, 1),
(00042, 42, NULL, NULL, 1),
(00043, 43, NULL, NULL, 1),
(00044, 44, NULL, NULL, 1),
(00045, 45, NULL, NULL, 1),
(00046, 46, NULL, NULL, 1),
(00047, 47, NULL, NULL, 1),
(00048, 48, NULL, NULL, 1),
(00049, 49, 0, NULL, 1),
(00050, 50, 1, NULL, 1),
(00051, 51, NULL, NULL, 1),
(00052, 52, NULL, NULL, 1),
(00053, 53, NULL, NULL, 1),
(00054, 54, NULL, NULL, 1),
(00055, 55, NULL, NULL, 1),
(00056, 56, NULL, NULL, 1),
(00057, 57, NULL, NULL, 1),
(00058, 58, NULL, NULL, 1),
(00060, 60, NULL, NULL, 1),
(00061, 61, NULL, NULL, 1),
(00062, 62, NULL, NULL, 1),
(00063, 63, NULL, NULL, 1),
(00064, 64, NULL, NULL, 1),
(00065, 65, NULL, NULL, 1),
(00066, 66, 0, NULL, 1),
(00067, 67, NULL, NULL, 1),
(00068, 68, NULL, NULL, 1),
(00069, 69, 1, NULL, 1),
(00070, 70, 0, NULL, 1),
(00071, 71, NULL, NULL, 1),
(00072, 72, NULL, NULL, 1),
(00073, 73, NULL, NULL, 1),
(00074, 74, NULL, NULL, 1),
(00075, 75, NULL, NULL, 1),
(00076, 76, NULL, NULL, 1),
(00077, 77, NULL, NULL, 1),
(00078, 78, NULL, NULL, 1),
(00079, 79, NULL, NULL, 1),
(00080, 80, NULL, NULL, 1),
(00081, 81, NULL, NULL, 1),
(00082, 82, NULL, NULL, 1),
(00083, 83, NULL, NULL, 1),
(00084, 84, NULL, NULL, 1),
(00085, 85, NULL, NULL, 1),
(00086, 86, NULL, NULL, 1),
(00087, 87, NULL, NULL, 1),
(00088, 88, NULL, NULL, 1),
(00089, 89, NULL, NULL, 1),
(00090, 90, NULL, NULL, 1),
(00091, 91, NULL, NULL, 1),
(00092, 92, NULL, NULL, 1),
(00093, 93, NULL, NULL, 1),
(00094, 94, NULL, NULL, 1),
(00095, 95, NULL, NULL, 1),
(00096, 96, NULL, NULL, 1),
(00097, 97, NULL, NULL, 1),
(00098, 98, NULL, NULL, 1),
(00099, 99, NULL, NULL, 1),
(00100, 100, NULL, NULL, 1),
(00101, 101, NULL, NULL, 1),
(00102, 102, NULL, NULL, 1),
(00103, 103, NULL, NULL, 1),
(00104, 104, NULL, NULL, 1),
(00105, 105, NULL, NULL, 1),
(00106, 106, NULL, NULL, 1),
(00107, 107, NULL, NULL, 1),
(00108, 108, NULL, NULL, 1),
(00109, 109, NULL, NULL, 1),
(00110, 110, NULL, NULL, 1),
(00111, 111, NULL, NULL, 1),
(00112, 112, NULL, NULL, 1),
(00113, 113, NULL, NULL, 1),
(00114, 114, NULL, NULL, 1),
(00115, 115, NULL, NULL, 1),
(00116, 116, NULL, NULL, 1),
(00117, 117, NULL, NULL, 1),
(00118, 118, NULL, NULL, 1),
(00119, 119, NULL, NULL, 1),
(00120, 120, NULL, NULL, 1),
(00121, 121, NULL, NULL, 1),
(00122, 122, NULL, NULL, 1),
(00123, 123, NULL, NULL, 1),
(00124, 124, NULL, NULL, 1),
(00125, 125, NULL, NULL, 1),
(00126, 126, NULL, NULL, 1),
(00127, 127, NULL, NULL, 1),
(00128, 128, NULL, NULL, 1),
(00129, 129, NULL, NULL, 1),
(00130, 130, NULL, NULL, 1),
(00131, 131, NULL, NULL, 1),
(00132, 132, NULL, NULL, 1),
(00133, 133, NULL, NULL, 1),
(00134, 134, NULL, NULL, 1),
(00135, 135, NULL, NULL, 1),
(00136, 136, NULL, NULL, 1),
(00137, 137, NULL, NULL, 1),
(00138, 138, NULL, NULL, 1),
(00139, 139, NULL, NULL, 1),
(00140, 140, NULL, NULL, 1),
(00141, 141, NULL, NULL, 1),
(00142, 142, NULL, NULL, 1),
(00143, 143, NULL, NULL, 1),
(00144, 144, NULL, NULL, 1),
(00145, 145, NULL, NULL, 1),
(00146, 146, NULL, NULL, 1),
(00147, 147, NULL, NULL, 1),
(00154, 154, NULL, NULL, 1),
(00156, 156, NULL, NULL, 1),
(00158, 158, NULL, NULL, 1),
(00159, 159, NULL, NULL, 1),
(00160, 160, NULL, NULL, 1),
(00161, 161, NULL, NULL, 1),
(00162, 162, NULL, NULL, 1),
(00163, 163, NULL, NULL, 1),
(00166, 166, NULL, NULL, 1),
(00167, 167, NULL, NULL, 1),
(00168, 168, NULL, NULL, 1),
(00169, 169, NULL, NULL, 1),
(00170, 170, NULL, NULL, 1),
(00171, 171, NULL, NULL, 1),
(00172, 172, NULL, NULL, 1),
(00173, 173, NULL, NULL, 1),
(00174, 174, NULL, NULL, 1),
(00176, 176, NULL, NULL, 1),
(00177, 177, NULL, NULL, 1),
(00178, 178, NULL, NULL, 1),
(00179, 179, NULL, NULL, 1),
(00180, 180, NULL, NULL, 1),
(00181, 181, NULL, NULL, 1),
(00182, 182, NULL, NULL, 1),
(00183, 183, NULL, NULL, 1),
(00184, 184, NULL, NULL, 1),
(00185, 185, NULL, NULL, 1),
(00186, 186, NULL, NULL, 1),
(00187, 187, NULL, NULL, 1),
(00188, 188, NULL, NULL, 1),
(00189, 189, NULL, NULL, 1),
(00190, 190, NULL, NULL, 1),
(00191, 191, NULL, NULL, 1),
(00192, 192, NULL, NULL, 1),
(00193, 193, NULL, NULL, 1),
(00194, 194, NULL, NULL, 1),
(00195, 195, NULL, NULL, 1),
(00196, 196, NULL, NULL, 1),
(00197, 197, NULL, NULL, 1),
(00198, 198, NULL, NULL, 1),
(00199, 199, NULL, NULL, 1),
(00200, 200, NULL, NULL, 1),
(00201, 201, NULL, NULL, 1),
(00202, 202, NULL, NULL, 1),
(00203, 203, NULL, NULL, 1),
(00204, 204, NULL, NULL, 1),
(00205, 205, NULL, NULL, 1),
(00206, 206, NULL, NULL, 1),
(00207, 207, NULL, NULL, 1),
(00208, 208, NULL, NULL, 1),
(00209, 209, NULL, NULL, 1),
(00210, 210, NULL, NULL, 1),
(00211, 211, NULL, NULL, 1),
(00212, 212, NULL, NULL, 1),
(00213, 213, NULL, NULL, 1),
(00214, 214, NULL, NULL, 1),
(00215, 215, NULL, NULL, 1),
(00216, 216, NULL, NULL, 1),
(00217, 217, NULL, NULL, 1),
(00218, 218, NULL, NULL, 1),
(00219, 219, 2, NULL, 1),
(00220, 220, 1, NULL, 1),
(00221, 221, 0, NULL, 1),
(00222, 222, 2, NULL, 1),
(00223, 223, 1, NULL, 1),
(00224, 224, 0, NULL, 1),
(00225, 225, NULL, NULL, 1),
(00226, 226, NULL, NULL, 1),
(00227, 227, NULL, NULL, 1),
(00228, 228, NULL, NULL, 1),
(00229, 229, NULL, NULL, 1),
(00230, 230, NULL, NULL, 1),
(00231, 231, NULL, NULL, 1),
(00232, 232, NULL, NULL, 1),
(00233, 233, NULL, NULL, 1),
(00234, 234, NULL, NULL, 1),
(00235, 235, NULL, NULL, 1),
(00236, 236, NULL, NULL, 1),
(00237, 237, NULL, NULL, 1),
(00238, 238, NULL, NULL, 1),
(00239, 239, NULL, NULL, 1),
(00240, 240, NULL, NULL, 1),
(00241, 241, NULL, NULL, 1),
(00242, 242, NULL, NULL, 1),
(00243, 243, NULL, NULL, 1),
(00244, 244, NULL, NULL, 1),
(00245, 245, NULL, NULL, 1),
(00246, 246, NULL, NULL, 1),
(00247, 247, NULL, NULL, 1),
(00248, 248, NULL, NULL, 1),
(00249, 249, NULL, NULL, 1),
(00250, 250, NULL, NULL, 1),
(00251, 251, NULL, NULL, 1),
(00252, 252, NULL, NULL, 1),
(00253, 253, NULL, NULL, 1),
(00254, 254, NULL, NULL, 1),
(00255, 255, NULL, NULL, 1),
(00256, 256, NULL, NULL, 1),
(00257, 257, NULL, NULL, 1),
(00258, 258, NULL, NULL, 1),
(00259, 259, NULL, NULL, 1),
(00260, 260, NULL, NULL, 1),
(00261, 261, NULL, NULL, 1),
(00262, 262, NULL, NULL, 1);

--
-- Contenu de la table `node_properties`
--

INSERT INTO `node_properties` (`id`, `type`, `name`, `shortname`, `description`, `text`, `path`) VALUES
(1, 'quiz', '1', '', 'Pour trouver l''aide financière qui convient à votre projet', '', ''),
(2, 'question', 'Vous cherchez une aide financière pour innover et vous êtes...', 'vous êtes..', '', '', ''),
(3, 'popup', 'Vous avez des doutes sur la catégorie d’entreprise à laquelle vous appartenez ? Cliquez ici.', '', '', '<p>Votre entreprise est-elle petite ou moyenne (<strong>PME</strong>), grande (<strong>GE</strong>) ou non autonome de taille restreinte (<strong>ENATR</strong>) ? Pour l’ensemble des aides financières wallonnes, les critères sont identiques et découlent de la réglementation européenne. Ils sont résumés ci-après :</p><ol><li>Vous êtes une <strong>PME</strong> si, <strong>à la fois</strong> :<ul><li>Vous occupez moins de 250 personnes ;</li><li><strong>soit</strong> vous avez un chiffre d''affaires annuel qui n''excède pas 50 millions d’euros, <strong>soit</strong> vous avez un bilan dont le total annuel n’excède pas 43 millions d’euros.</li></ul> Mais <strong>attention</strong> : si une autre entité détient au moins 25 % du capital de votre entreprise, vous devez, dans certains cas, appliquer les 2 critères précités à un ensemble plus vaste que votre seule entreprise. Pour lever tout doute, effectuez le <a href="http://testpme.wallonie.be/">test PME en ligne</a>.</li><li>Vous êtes une <strong>ENATR</strong> si votre entreprise en tant que telle répond aux 2 critères précités mais qu’elle n’est pas une PME en raison des détenteurs de son capital.</li><li>Vous êtes une <strong>GE</strong> dans tous les autres cas.</li></ol>', ''),
(4, 'choice', 'Une grande entreprise', 'une GE', '', '', ''),
(5, 'choice', 'Recherche et Développement faisabilité', 'R&D - faisabilité', '', 'R&D et faisabilité', ''),
(6, 'question', 'vous souhaitez', '', '', '', ''),
(7, 'choice', 'Etudier la faisabilité d''un projet d''innovation technologique', 'Etudier la faisabilité d''un projet', '', '', ''),
(8, 'question', 'votre objectif', '', '', '', ''),
(9, 'choice', 'Disposer de plus de ressources humaines en recherche et innovation', 'Ressources Humaines Rech. & Innov.', '', '', ''),
(10, 'question', 'votre objectif', '', '', '', ''),
(12, 'url', 'En savoir plus', '', '', '', 'http://www.google.be'),
(13, 'file', 'Fiche Synthétique', '', 'http://www.google.be', '', ''),
(15, 'choice', 'Une PME', '', '', '', ''),
(16, 'choice', 'Un porteur de projets', '', '', '', ''),
(17, 'choice', 'Stratégie', '', '', '', ''),
(18, 'file', 'Fiche Synthétique 2', '', 'http://www.google.be', '', ''),
(26, 'question', 'Vous souhaitez', NULL, NULL, NULL, NULL),
(27, 'choice', 'Faire analyser la faisabilité d''une idée ou d''un projet original et réaliste', NULL, NULL, NULL, NULL),
(28, 'choice', 'Faire analyser la faisabilité d''une idée ou d''un projet original et réaliste en économie sociale ', NULL, NULL, NULL, NULL),
(29, 'choice', 'Mettre au point un nouveau produit, procédé ou service justifiant la création d''une nouvelle activité industrielle', NULL, NULL, NULL, NULL),
(30, 'choice', 'Bénéficier d''un apport de financement pour conforter la structure financière de votre spin-off, spin-out ou start-up innovante', NULL, NULL, NULL, NULL),
(31, 'choice', 'Bénéficier de l''expérience de managers experts pour des missions spécifiques ', NULL, NULL, NULL, NULL),
(32, 'choice', 'Protéger votre innovation par un brevet', NULL, NULL, NULL, NULL),
(33, 'help', 'Bourse Préactivité', NULL, NULL, 'Pas encore d''informations détaillées sur cette aide', NULL),
(34, 'help', 'Bourse Impulcera', NULL, NULL, 'Pas encore d''informations détaillées sur cette aide', NULL),
(35, 'help', 'First Spin-Off', NULL, NULL, '<p>\n    Subvention Programme FIRST, sur base d’appel à projet, (Formation et Impulsion à la Recherche Scientifique et Technologique) permettant aux chercheurs (convention de 2 ans) de faire l’apprentissage du milieu industriel tout en gardant leur statut universitaire.\n</p>\n<p>\n    Objectifs du programme FIRST Spin-Off :\n</p>\n<ul>\n    <li>\n        réaliser une recherche visant à mettre au point un nouveau produit, procédé ou service pour lequel aucune\n        entreprise susceptible d’accueillir les résultats ne peut être identifiée en Wallonie et donc justifiant la\n        création d’une nouvelle activité industrielle;\n    </li>\n    <li>\n        former de futurs cadres d’entreprise aux technologies émergentes et techniques de création et de management d’activités industrielles;\n    </li>\n    <li>\n        inciter le chercheur à étudier les conditions d’exploitation industrielle et commerciale des résultats de cette recherche et à être à la base d’une création d’entreprise en Wallonie.\n    </li>\n</ul>\n\n<p>\n    Public concerné: <strong>Universités, Hautes Ecoles.</strong>\n</p>\n\n<p>\n    Montant de l''aide :\n</p>\n\n<ul>\n    <li>100% du salaire du chercheur pendant 2 ans ;</li>\n    <li>20.000 euros/an maximum pour les frais de fonctionnement ;</li>\n    <li>5.000 euros pour les frais de consultance extérieure ;</li>\n    <li>montant forfaitaire représentant 15% (salaire du chercheur + frais de fonctionnement) pour les frais de gestion.</li>\n</ul>\n\n<p>\n    Opérateur en charge du dispositif :\n</p>\n<ul>\n    <li>\n        Direction générale opérationnelle Economie, Emploi et Recherche (DGO6)\n    </li>\n    <li>\n        Direction des programmes régionaux\n    </li>\n</ul>', NULL),
(36, 'help', 'Invests spécialisés dans les spin-off, spin-out et sociétés innovantes', NULL, NULL, '<p>\nLes filiales Spin-Off, Spin-Out et sociétés innovantes des Invests sont spécialisées dans le financement de projets de réalisation, de développement, d’exploitation ou de commercialisation d’un produit, service ou procédé innovant. Les modes de financement sont multiples et relèvent pour l’essentiel du capital à risque : participations en capital, prêts convertibles ou assortis de warrants, prêts subordonnés, chirographaires…\n</p>', NULL),
(37, 'help', 'Régime d''aide au management des spin-off, spin-out et start-up innovantes', NULL, NULL, 'Pas encore d''informations sur cette aide.', NULL),
(38, 'help', 'Subvention Dépôt, extension ou opposition de brevet ', NULL, NULL, '<p>\nSubvention accordée aux entreprises afin de protéger une invention par le dépôt d’un brevet.\n</p>\n<p>\n<strong>Public concerné:</strong> PME.\n</p>', NULL),
(39, 'choice', 'Exportation et partenariats internationaux', NULL, NULL, NULL, NULL),
(40, 'choice', 'Partenaires financiers', 'Partenaires', NULL, NULL, NULL),
(41, 'choice', 'En savoir plus sur la faisabilité d''un projet de logiciel', NULL, NULL, NULL, NULL),
(42, 'choice', 'En savoir plus sur la faisabilité technique d''un projet de R&D', NULL, NULL, NULL, NULL),
(43, 'help', 'Subvention Etude de faisabilité de logiciel innovant', NULL, NULL, '<p>Subvention permettant aux entreprises la réalisation, par un Centre de recherche agréé, une Université ou une Haute Ecole, d’une étude de faisabilité d’un projet de développement d’un nouveau logiciel d’intérêt industriel, préalablement à des activités de recherche industrielle ou de développement expérimental.</p>\r\n<ul>\r\n<li>\r\nPublic concerné : PME ou Entreprise non autonome de taille restreinte.\r\n</li>\r\n<li>Montant de l''aide: 40% à 75% selon les caractéristiques de l’entreprise et selon que l’étude soit préalable à des activités de recherche industrielle ou de développement expérimental.</li>\r\n<li>Informations et contacts <p>Opérateur en charge du dispositif :\r\nDirection générale opérationnelle Economie, Emploi et Recherche (DGO6)\r\nDirection de l’accompagnement de la recherche</p></li>\r\n</ul>', NULL),
(44, 'help', 'Subvention Etude de faisabilité technique ENATR', NULL, NULL, '<p>Subvention permettant aux entreprises la réalisation, par un Centre de recherche agréé, une Université ou une Haute Ecole, d’une étude de faisabilité technique (analyses, mesures, essais, …) préalable au développement d’un produit ou d’un procédé nouveau.</p>\n<ul>\n<li>Public concerné: <strong>ENATR</strong></li>\n<li>Montant de l’aide: 0% à 75% selon les caractéristiques de l’entreprise et selon que l’étude soit préalable à des activités de recherche industrielle ou de développement expérimental. </li>\n<li>Opérateur en charge du dispositif <p>Direction générale opérationnelle Economie, Emploi et Recherche (DGO6)\nDirection de l’accompagnement de la recherche</p></li>\n</ul>', NULL),
(45, 'choice', 'Engager un chercheur qui participera à un de vos projets de recherche et qui se formera dans un laboratoire ou un centre de recherche', 'Engager un chercheur qui se formera dans un l', NULL, NULL, NULL),
(46, 'help', 'Subvention First-Entreprise', NULL, NULL, '<p>Subvention Programme FIRST Entreprise, sur base d’appel à projet, (Formation et Impulsion à la Recherche Scientifique et Technologique) permettant à l’entreprise de renforcer son potentiel scientifique et technologique en engageant un chercheur pour mener une recherche industrielle et d’assurer la formation de celui-ci par le biais d’un stage au sein :</p>\n<ul>\n<li>d’une Unité de recherche Universitaire;</li>\n<li>d’un Centre de recherche agréé;</li>\n<li>d’un Centre de recherche associé à une Haute Ecole;</li>\n<li>d’un Organisme public de recherche.</li>\n</ul>\n\n<ul>\n<li>Public concerné: <strong>PME et Grande Entreprise.</strong></li>\n<li>Montant de l''aide:\n<ul>\n<li>40% (subvention) pour une grande entreprise ;</li>\n<li>60% (subvention) pour une moyenne entreprise ;</li>\n<li>70% (subvention) pour une petite entreprise ;</li>\n<li>5.000 euros/semestre à l’organisme d’accueil.</li>\n</ul>\n<li>Opérateur en charge du dispositif : \n<p>Direction générale opérationnelle Economie, Emploi et Recherche (DGO6)\nDirection des projets de recherche</p>\n</li>\n</li>\n</ul>', NULL),
(47, 'choice', 'Mettre en oeuvre un projet de recherche, seul ou avec d''éventuels sous-traitants', 'Projet de recherche seul ou av. ss-traitants', NULL, NULL, NULL),
(48, 'question', 'Votre objectif', NULL, NULL, NULL, NULL),
(49, 'choice', 'Effectuer une recherche exploratoire, pas encore censée déboucher sur un produit, procédé ou service innovant', 'Rech. expl. pas de débouchés immédiats', NULL, NULL, NULL),
(50, 'choice', 'Effectuer une recherche censée déboucher sur un produit, procédé ou service innovant', 'Rech. exploratoire - débouchés immédiats', NULL, NULL, NULL),
(51, 'help', 'Subvention Recherche industrielle', NULL, NULL, '<p>Subvention accordée aux entreprises pour la réalisation d’un projet de recherche industrielle : recherche planifiée ou enquêtes critiques pour l’acquisition de nouvelles connaissances et aptitudes visant à mettre au point de nouveaux produits, procédés ou services ou leur amélioration, à l’exclusion des prototypes.</p>\n<ul>\n<li>Public concerné: <strong>PME et Grande Entreprise</strong>\n<li>Montant de l''aide: 50% à 80% selon la taille de l’entreprise et les caractéristiques du projet.</li>\n<li>Opérateur en charge du dispositif : <p>Direction générale opérationnelle Economie, Emploi et Recherche (DGO6)\nDirection des projets de recherche</p></li>\n</ul>', NULL),
(52, 'help', 'Avance récupérable Développement expérimental', NULL, NULL, '<p>Subvention et avance récupérable accordée aux entreprises pour la réalisation d’un projet de développement expérimental : acquisition, association, mise en forme et utilisation de connaissances et de techniques scientifiques, technologiques, commerciales et autres existantes en vue de produire des projets, des dispositifs ou des dessins pour la conception de produits, de procédés ou de services nouveaux, modifiés ou améliorés.</p>\n<ul>\n<li>Public concerné : <strong>PME et Grande Entreprise</strong></li>\n<li>Montant de l''aide: 40% à 75% selon la taille de l’entreprise et la nature de l’aide.</li>\n<li>Opérateur en charge du dispositif <p>Direction générale opérationnelle Economie, Emploi et Recherche (DGO6)\nDirection des projets de recherche</p></li>\n\n</ul>', NULL),
(53, 'help', 'Prototyping', NULL, NULL, '<p>Subvention ou avance récupérable accordée aux entreprises pour la finalisation d’un prototype c’est-à-dire les activités de développement expérimental relatives au prototypage et étapes ultérieures de développement menant à la commercialisation.\n</p>\n<p>\nPublic concerné : PME et Grande Entreprise.\n</p>\n<p>\nOpérateur en charge du dispositif : Direction générale opérationnelle Economie, Emploi et Recherche (DGO6) Direction des projets de recherche\n</p>', NULL),
(54, 'choice', 'Mettre en oeuvre un projet de recherche avec d''autres entreprises ou dans le cadre d''un partenariat d''innovation technologique', 'Projet de recherche - partenariat', NULL, NULL, NULL),
(55, 'question', 'Votre objectif', NULL, NULL, NULL, NULL),
(56, 'choice', 'Effectuer une recherche exploratoire, pas encore censée déboucher sur un produit, procédé ou service innovant', NULL, NULL, NULL, NULL),
(57, 'choice', 'Effectuer une recherche censée déboucher sur un produit, procédé ou service innovant', NULL, NULL, NULL, NULL),
(58, 'help', 'Subvention partenariat d''innovation technologique', NULL, NULL, '<p>Subvention ou avance récupérable pour la réalisation d’un projet de recherche industrielle, d’un projet de développement expérimental ou des 2 dans le cadre d’un partenariat d’innovation technologique.</p>\n<ul>Ce partenariat est relatif à un projet qui, à la fois :\n<li>associe au moins comme membres, sans exclure d’autres partenaires, plusieurs entreprises et plusieurs entités (Organismes publics de recherche, Universités, Hautes Ecoles, Centres de recherche agréés);</li>\n<li>a pour objet principal de réaliser ou de coordonner des recherches qui contribuent au développement scientifique, technologique et économique de la Wallonie.</li>\n</ul>\n\n<p>Public concerné : Organismes publics de recherche, Universités, Hautes Ecoles, Centres de recherche agréés, Entreprises (Pôles de compétitivité).</p>\n<p>Montant de l''aide: 40% à 100%.</p>\n<p>Opérateur en charge du dispositif : Direction générale opérationnelle Economie, Emploi et Recherche (DGO6)\nDirection des projets de recherche</p>', NULL),
(60, 'help', 'Subvention partenariat innovation technologique', NULL, NULL, '<p>Subvention ou avance récupérable pour la réalisation d’un projet de recherche industrielle, d’un projet de développement expérimental ou des 2 dans le cadre d’un partenariat d’innovation technologique.</p>\n<ul>Ce partenariat est relatif à un projet qui, à la fois :\n<li>associe au moins comme membres, sans exclure d’autres partenaires, plusieurs entreprises et plusieurs entités (Organismes publics de recherche, Universités, Hautes Ecoles, Centres de recherche agréés);</li>\n<li>a pour objet principal de réaliser ou de coordonner des recherches qui contribuent au développement scientifique, technologique et économique de la Wallonie.</li>\n</ul>\n\n<p>Public concerné : Organismes publics de recherche, Universités, Hautes Ecoles, Centres de recherche agréés, Entreprises (Pôles de compétitivité).</p>\n<p>Montant de l''aide: 40% à 100%.</p>\n<p>Opérateur en charge du dispositif : Direction générale opérationnelle Economie, Emploi et Recherche (DGO6)\nDirection des projets de recherche</p>', NULL),
(61, 'help', 'Prototyping', NULL, NULL, '<p>Subvention ou avance récupérable accordée aux entreprises pour la finalisation d’un prototype c’est-à-dire les activités de développement expérimental relatives au prototypage et étapes ultérieures de développement menant à la commercialisation.</p>\n<p>Public concerné : <strong>PME et Grande Entreprise</strong>.</p>\n<p>Opérateur en charge du dispositif :\nDirection générale opérationnelle Economie, Emploi et Recherche (DGO6)\nDirection des projets de recherche</p>\n', NULL),
(62, 'question', 'Vous souhaitez', NULL, NULL, NULL, NULL),
(63, 'choice', 'Engager un chercheur qui participera à un de vos projets de recherche et qui se formera dans un laboratoire ou un centre de recherche étranger', 'Engager un chercheur - formation à l''étranger', NULL, NULL, NULL),
(64, 'help', 'Subvention First International', NULL, NULL, '<p>Subvention Programme FIRST, sur base d’appel à projet, (Formation et Impulsion à la Recherche Scientifique et Technologique) permettant aux chercheurs (convention de 3 ans) de faire l’apprentissage du milieu industriel tout en gardant leur statut universitaire.</p>\n<ul>Objectifs du programme FIRST International :\n<li>donner la possibilité à une entreprise d’accéder à des résultats scientifiques et technologiques susceptibles d’avoir un impact positif sur sa compétitivité et lui permettant de tendre vers un développement économique durable;</li>\n<li>réaliser une recherche susceptible d’avoir un impact positif sur le développement économique et social wallon et sur la création d’emplois durables et incluant un partenariat international;</li>\n<li>former un jeune chercheur aux technologies émergentes afin qu’il diffuse celles-ci dans l’entreprise wallonne qui cofinance le programme de recherche où il pourrait poursuivre ses activités professionnelles;</li>\n<li>donner à ce chercheur une expérience de partenariat scientifique international, favorisant une formation linguistique par un stage de 6 mois minimum dans au moins un organisme de recherche étranger.</li>\n</ul>\n\n<p>Public concerné / « Pour qui ? » : Universités, Hautes Ecoles.</p>\nMontant de l''aide:\n<ul>\n<li>de 75% à 90% salaire du chercheur pendant 3 ans ;</li>\n<li>20.000 euros/an maximum pour les frais de fonctionnement ;</li>\n<li>montant forfaitaire représentant 15% (salaire du chercheur + frais de fonctionnement) pour les frais de gestion.</li>\n</ul>\n<p>Opérateur en charge du dispositif :\nDirection générale opérationnelle Economie, Emploi et Recherche (DGO6)\nDirection des programmes régionaux</p>', NULL),
(65, 'choice', 'Conclure un partenariat avec une entreprise étrangère située hors UE', NULL, NULL, NULL, NULL),
(66, 'help', 'Partenariat économique international', NULL, NULL, '<p>Subside ou avance récupérable sans intérêt aux entreprises pour l’encouragement de partenariats entre des entreprises situées en Wallonie et des entreprises étrangères situées en dehors de l’Union européenne.</p>\n<p>Le partenariat peut s’appliquer à différents projets : démarrage d’unités de production hors Union européenne à capitaux mixtes, création de projets pilotes, de prototypes, accords commerciaux permettant la promotion croisée de produits wallons et étrangers hors Union européenne, développement conjoint de nouveaux produits ou services export, …</p>\n<p>Public concerné: <strong>PME et Grande Entreprise</strong></p>\nMontant de l''aide: \n<ul>\n<li>50% maximum des frais réels\n	Subside pour une PME.</li>\n<li>Avance récupérable sans intérêt pour une Grande Entreprise.</li>\n</ul>\n<br />\n<p>Opérateur en charge du dispositif : Agence wallonne à l’Exportation et aux Investissements étrangers (AWEX)</p>', NULL),
(67, 'question', 'Vous souhaitez', NULL, NULL, NULL, NULL),
(68, 'choice', 'Bénéficier d''outils financiers adaptés à votre projet innovant', NULL, NULL, NULL, NULL),
(69, 'help', 'Novallia ENATR', NULL, NULL, '<ul>\n    <li>Financement sous forme de prêt subordonné d’un projet d’innovation au sens large du terme : innovation représentant une amélioration/transformation réelle, offrant de nouveaux débouchés commerciaux à court terme et se situant au niveau du produit final, du processus de fabrication voire de distribution.</li>\n    <li>Public concerné: PME.</li>\n    <li>Montant de l’aide:\n        <ul>\n            <li>40% maximum des besoins en financement plafonné à 500.000 euros par projet;</li>\n            <li>durée maximale 10 ans avec franchise éventuelle de maximum 2 ans pour le remboursement en capital.</li>\n        </ul>\n    </li>\n    <li>Informations et contacts : <strong>NOVALLIA</strong> - filiale de la SOWALFIN</li>\n</ul>\n', NULL),
(70, 'help', 'Invests ENATR', NULL, NULL, 'Pas encore d''informations détaillée sur cette aide', NULL),
(71, 'choice', 'Recherche & Développement - faisabilité', NULL, NULL, NULL, NULL),
(72, 'choice', 'Mise sur le marché', NULL, NULL, NULL, NULL),
(73, 'choice', 'Exportation et partenariats internationaux', NULL, NULL, NULL, NULL),
(74, 'choice', 'Partenaires Financiers', NULL, NULL, NULL, NULL),
(75, 'question', 'Vous souhaitez', NULL, NULL, NULL, NULL),
(76, 'choice', 'Vous construire un avantage distinctif', NULL, NULL, NULL, NULL),
(77, 'choice', 'Développer la performance de votre entreprise', NULL, NULL, NULL, NULL),
(78, 'choice', 'Réussir votre projet TIC', NULL, NULL, NULL, NULL),
(79, 'choice', 'Connaître les chances de succès d''un produit, procédé ou service nouveau', NULL, NULL, NULL, NULL),
(80, 'question', 'Vous souhaitez', NULL, NULL, NULL, NULL),
(81, 'choice', 'Obtenir très rapidement la réponse à un problème ou un besoin de nature technologique', 'Réponse à besoin technologique', NULL, NULL, NULL),
(82, 'choice', 'Etudier la faisabilité d''un projet d''innovation technologique', NULL, NULL, NULL, NULL),
(83, 'choice', 'Disposer de plus de ressources humaines en recherche et innovation', NULL, NULL, NULL, NULL),
(84, 'choice', 'Mettre en oeuvre un projet de recherche, seul ou avec d''éventuels sous-traitants', NULL, NULL, NULL, NULL),
(85, 'choice', 'Mettre en oeuvre un projet de recherche avec d''autres entreprises ou dans le cadre d''un partenariat d''innovation technologique', NULL, NULL, NULL, NULL),
(86, 'choice', 'Protéger votre propriété intellectuelle par des brevets', NULL, NULL, NULL, NULL),
(87, 'question', 'Vous souhaitez', NULL, NULL, NULL, NULL),
(88, 'choice', ' Etre conseillé pour la commercialisation de votre produit', NULL, NULL, NULL, NULL),
(89, 'choice', 'Bénéficier d''un soutien financier dans le cadre de vos démarches de prototypage et/ou mise sur le marché', NULL, NULL, NULL, NULL),
(90, 'question', 'Vous souhaitez', NULL, NULL, NULL, NULL),
(91, 'choice', 'Préparer la participation à un programme européen de recherche et développement', NULL, NULL, NULL, NULL),
(92, 'choice', 'Engager un chercheur qui participera à un de vos projets de recherche et qui se formera dans un laboratoire ou un centre de recherche étranger', 'Engager chercheur - formation à l''étranger', NULL, NULL, NULL),
(93, 'choice', 'Bénéficier de l''appui d''un coach dans vos projets de partenariats à l''étranger', NULL, NULL, NULL, NULL),
(94, 'choice', 'Conclure un partenariat avec une entreprise étrangère située hors UE', NULL, NULL, NULL, NULL),
(95, 'question', 'Vous souhaitez', NULL, NULL, NULL, NULL),
(96, 'choice', 'Bénéficier d''outils financiers adaptés à vos projets innovants', NULL, NULL, NULL, NULL),
(97, 'question', 'Votre objectif', NULL, NULL, NULL, NULL),
(98, 'choice', 'Développer de nouvelles pratiques organisationnelles ou commerciales, de nouveaux produits ou services, une approche design', 'nouvelle pratiques', NULL, NULL, NULL),
(99, 'choice', 'En misant sur une approche de développement durable', NULL, NULL, NULL, NULL),
(100, 'question', 'Votre objectif', NULL, NULL, NULL, NULL),
(101, 'choice', 'Améliorer différents aspects de la gestion de votre entreprise', NULL, NULL, NULL, NULL),
(102, 'choice', 'Intégrer des mesures d''éco-innovation non technologique dans votre entreprise', NULL, NULL, NULL, NULL),
(103, 'choice', 'Mettre en oeuvre une innovation de procédé et/ou d''organisation', NULL, NULL, NULL, NULL),
(104, 'question', 'Votre objectif', NULL, NULL, NULL, NULL),
(105, 'choice', 'Mettre en oeuvre des projets e-business', NULL, NULL, NULL, NULL),
(106, 'choice', 'Créer un site e-business', NULL, NULL, NULL, NULL),
(107, 'question', 'Votre objectif', NULL, NULL, NULL, NULL),
(108, 'choice', 'Evaluer le potentiel commercial d''un produit, procédé ou service innovant et mettre au point une stratégie marketing', 'Evaluer potentiel commercial', NULL, NULL, NULL),
(109, 'help', 'Bourses Innovation', NULL, NULL, 'Pas encore d''informations détaillées sur cette aide', NULL),
(110, 'help', 'Bourses Innovation Développement Durable', NULL, NULL, 'Pas encore d''informations détaillées sur cette aide', NULL),
(111, 'help', 'Prime aux Services de Conseil', NULL, NULL, '<p>La prime aux Services de Conseil permet aux entreprises de faire appel à des Consultants agréés par la Wallonie réalisant des missions de conseil, de diagnostic global en économie créative dans les domaines suivants : gestion  commerciale, politique industrielle et organisation et management.</p>\n<p>Public concerné: PME</p>\n<p>Montant de l''aide: 50% maximum des honoraires du Conseil agréé plafonné à 12.500 euros.</p>\n<p>Opérateur en charge du dispositif :\nDirection générale opérationnelle Economie, Emploi et Recherche (DGO6)\nDirection des projets thématiques</p>\n', NULL),
(112, 'help', 'Prime Premio ', NULL, NULL, 'pas encore d''informations détaillées sur cette aide', NULL),
(113, 'help', 'Subvention OP-IN', NULL, NULL, '<p>Subvention OPerating-INnovation (OP-IN) pour la mise en œuvre d’un soutien aux innovations d’organisation et/ou de procédé afin d’améliorer le fonctionnement global et la compétitivité des entreprises.</p>\n<p>Public concerné : PME</p>\n<p>Montant de l''aide: 5% à 35% selon la taille de l’entreprise et du type d’innovation (procédé ou organisation).</p>\n<p>Opérateur en charge du dispositif :\nDirection générale opérationnelle Economie, Emploi et Recherche (DGO6)\nDirection des projets de recherche</p>\n', NULL),
(114, 'help', 'Prime RENTIC', NULL, NULL, '<p>Prime accordée aux entreprises faisant appel à un consultant agréé par la Wallonie : le RENTIC (Responsable d’un projet d’intégration de l’e-business) : projet qui permettra de faciliter ou d’accroître les activités économiques de l’entreprise par le biais d’un projet e-business.</p>\n<p>Public concerné: PME</p>\n<p>Montant de l''aide: 80% de la rémunération brute du RENTIC pour une mission de 3 mois minimum et 1 an maximum plafonné à 5.000 euros/mois.</p>\n<p>Opérateur en charge du dispositif :\nDirection générale opérationnelle Economie, Emploi et Recherche (DGO6)\nDirection des projets thématiques</p>\n', NULL),
(115, 'help', 'Prime à la création d''un site e-business', NULL, NULL, '<p>Prime accordée aux entreprises pour la création d’un site e-business permettant la vente de produits ou de services destinés au consommateur, à toute autre entité économique et le partage avec celle-ci, d’informations ou d’applications informatiques en vue de faciliter ou d’accroître les activités de ces entités.</p>\n<p>Public concerné: PME</p>\n<p>Montant de l’aide: 50% des coûts de réalisation du site. Coûts de réalisation de minimum 5.000 euros HTVA. Prime de minimum 2.500 euros et plafonnée à 15.000 euros.</p>\n<p>Informations et contact: Direction générale opérationnelle Economie, Emploi et Recherche (DGO6)\nDirection des projets thématiques</p>', NULL),
(116, 'help', 'Chèques Technologiques', NULL, NULL, '<p>Le Chèque Technologique est une subvention permettant aux entreprises de recourir à une expertise technologique réalisée par les Centres de recherche agréés par la Wallonie et les Centres de recherche associés aux Hautes Ecoles de la Fédération Wallonie-Bruxelles.</p>\n<p>Public concerné: PME</p>\n<p>Montant de l''aide: 75% des coûts de la prestation du centre. Plafond de l’aide : 15.000 euros par PME et par an, utilisables pour une ou plusieurs prestations.</p>\n<p>Opérateur en charge du dispositif : Agence de Stimulation Technologique</p>\n', NULL),
(117, 'question', 'Votre objectif', NULL, NULL, NULL, NULL),
(118, 'choice', 'En savoir plus sur la faisabilité d''un projet de logiciel', NULL, NULL, NULL, NULL),
(119, 'choice', 'En savoir plus sur la faisabilité technique d''un projet de R&D', NULL, NULL, NULL, NULL),
(120, 'choice', 'En savoir plus sur la faisabilité de l''acquisition d''une technologie développée en dehors de votre entreprise', 'En savoir plus sur l''acquisition d''une techno', NULL, NULL, NULL),
(121, 'question', 'Votre objectif', NULL, NULL, NULL, NULL),
(122, 'choice', 'Engager un chercheur qui participera à un de vos projets de recherche et qui se formera dans un laboratoire ou un centre de recherche', 'Engager un chercher à former', NULL, NULL, NULL),
(123, 'choice', 'Engager une personne expérimentée qui conduira un de vos projets de recherche', 'Engager pers. expérimentée', NULL, NULL, NULL),
(124, 'question', 'Votre objectif', NULL, NULL, NULL, NULL),
(125, 'choice', 'Effectuer une recherche exploratoire, pas encore censée déboucher sur un produit, procédé ou service innovant', 'Recherche exploratoire pas de débouché immédi', NULL, NULL, NULL),
(126, 'choice', 'Effectuer une recherche censée déboucher sur un produit, procédé ou service innovant', NULL, NULL, NULL, NULL),
(127, 'question', 'Votre objectif', NULL, NULL, NULL, NULL),
(128, 'choice', 'Effectuer une recherche exploratoire, pas encore censée déboucher sur un produit, procédé ou service innovant', NULL, NULL, NULL, NULL),
(129, 'choice', 'Effectuer une recherche censée déboucher sur un produit, procédé ou service innovant', NULL, NULL, NULL, NULL),
(130, 'help', 'Subvention Dépôt, extension ou opposition de brevet', NULL, NULL, '<p>\nSubvention accordée aux entreprises afin de protéger une invention par le dépôt d’un brevet.\n</p>\n<p>\n<strong>Public concerné:</strong> PME.\n</p>', NULL),
(131, 'question', 'Votre objectif', NULL, NULL, NULL, NULL),
(132, 'choice', 'Positionner votre produit sur le marché, le mettre en conformité avec la réglementation, évaluer le prix de vente,...', 'positionner votre produit ou le mettre en con', NULL, NULL, NULL),
(133, 'question', 'Votre objectif', NULL, NULL, NULL, NULL),
(134, 'choice', 'Concevoir un prototype et mettre sur le marché un nouveau produit ou service', NULL, NULL, NULL, NULL),
(135, 'choice', 'Concevoir un prototype et mettre sur le marché un nouveau produit ou service développé dans une approche de développement durable', NULL, NULL, NULL, NULL),
(136, 'choice', 'Réaliser un projet de développement expérimental relatif au prototypage ', NULL, NULL, NULL, NULL),
(137, 'choice', 'Financer un produit ou procédé susceptible d''être commercialisé à brève échéance ', NULL, NULL, NULL, NULL),
(138, 'choice', 'Mettre sur le marché un prototype innovant conçu dans le cadre d''une industrie créative ', NULL, NULL, NULL, NULL),
(139, 'choice', 'Etendre la diffusion de productions cinématographiques au moyen de nouveaux canaux', NULL, NULL, NULL, NULL),
(140, 'help', 'Subvention Horizon Europe', NULL, NULL, '<p>\nPas encore d''informations sur cette aide.\n</p>', NULL),
(141, 'help', 'Subvention First International', NULL, NULL, '<p>\n    Subvention Programme FIRST, sur base d’appel à projet, (Formation et Impulsion à la Recherche Scientifique et Technologique) permettant aux chercheurs (convention de 3 ans) de faire l’apprentissage du milieu industriel tout en gardant leur statut universitaire.\n</p>\n<p>\n    Objectifs du programme FIRST International :\n</p>\n<ul>\n    <li>\n        donner la possibilité à une entreprise d’accéder à des résultats scientifiques et technologiques susceptibles d’avoir un impact positif sur sa compétitivité et lui permettant de tendre vers un développement économique durable;\n    </li>\n    <li>\n        réaliser une recherche susceptible d’avoir un impact positif sur le développement économique et social wallon et sur la création d’emplois durables et incluant un partenariat international;\n    </li>\n    <li>\n        former un jeune chercheur aux technologies émergentes afin qu’il diffuse celles-ci dans l’entreprise wallonne qui cofinance le programme de recherche où il pourrait poursuivre ses activités professionnelles;\n    </li>\n    <li>\n        donner à ce chercheur une expérience de partenariat scientifique international, favorisant une formation linguistique par un stage de 6 mois minimum dans au moins un organisme de recherche étranger.\n    </li>\n</ul>\n', NULL),
(142, 'help', 'Chèques-coaching à l''international', NULL, NULL, '<p>\n    Subvention accordée aux entreprises innovantes souhaitant se faire guider par un coach professionnel dans leurs projets de partenariat à l’étranger. L’objectif est de les aider à exporter davantage leurs produits sur les marchés internationaux au travers d’un réseautage et de partenariats à l’étranger.\n</p>', NULL),
(143, 'help', 'Chèques-coaching à l''international', NULL, NULL, '<p>\n    Subvention accordée aux entreprises innovantes souhaitant se faire guider par un coach professionnel dans leurs projets de partenariat à l’étranger. L’objectif est de les aider à exporter davantage leurs produits sur les marchés internationaux au travers d’un réseautage et de partenariats à l’étranger.\n</p>', NULL),
(144, 'help', 'Partenariat économique international', NULL, NULL, '<p>\n    Subside ou avance récupérable sans intérêt aux entreprises pour l’encouragement de partenariats entre des entreprises situées en Wallonie et des entreprises étrangères situées en dehors de l’Union européenne.\n</p>\n<p>\n    Le partenariat peut s’appliquer à différents projets : démarrage d’unités de production hors Union européenne à capitaux mixtes, création de projets pilotes, de prototypes, accords commerciaux permettant la promotion croisée de produits wallons et étrangers hors Union européenne, développement conjoint de nouveaux produits ou services export, …\n</p>', NULL),
(145, 'help', 'Novallia', NULL, NULL, '<ul>\n    <li>Financement sous forme de prêt subordonné d’un projet d’innovation au sens large du terme : innovation représentant une amélioration/transformation réelle, offrant de nouveaux débouchés commerciaux à court terme et se situant au niveau du produit final, du processus de fabrication voire de distribution.</li>\n    <li>Public concerné: PME.</li>\n    <li>Montant de l’aide:\n        <ul>\n            <li>40% maximum des besoins en financement plafonné à 500.000 euros par projet;</li>\n            <li>durée maximale 10 ans avec franchise éventuelle de maximum 2 ans pour le remboursement en capital.</li>\n        </ul>\n    </li>\n    <li>Informations et contacts : <strong>NOVALLIA</strong> - filiale de la SOWALFIN</li>\n</ul>\n', NULL),
(146, 'help', 'Fonds de prêts cofinancés par le FEDER', NULL, NULL, '<ul>\n    <li>Les Fonds de prêts octroient aux PME des financements dans le cadre de leurs projets d’investissement et d’innovation. Ces Fonds de prêts sont cofinancés par le FEDER et consistent en des prêts ou crédits subordonnés, chirographaires ou garantis par des sûretés.</li>\n    <li>Public concerné PME</li>\n    <li>Montant de l’aide : Financement plafonné à\n        <ul>\n            <li>3.500.000 euros</li>\n            <li>Durée maximum 20 ans</li>\n            <li>Taux d’intérêt minimum 2%.</li>\n        </ul>\n    </li>\n    <li>Informations et contacts :\n        <ul>Opérateur en charge du dispositif\n           <li>WAPICARIS</li>\n           <li>IMBC – CONVERGENCE</li>\n           <li>FCR – CONVERGENCE</li>\n           <li>NAMUR DEVELOPPEMENT COMPETITIVITE</li>\n           <li>INNODEM2</li>\n           <li>LUXEMBOURG DEVELOPPEMENT EUROPE</li>\n        </ul>\n    </li>\n</ul>', NULL),
(147, 'question', 'Votre objectif', NULL, NULL, NULL, NULL),
(154, 'question', 'Votre objectif', NULL, NULL, NULL, NULL),
(156, 'question', 'Votre objectif', NULL, NULL, NULL, NULL),
(158, 'help', 'Subvention Conseil en marketing stratégique dans les PME', NULL, NULL, '<p>Subvention accordée aux entreprises pour la réalisation, par un consultant externe, d’une étude visant à connaître le potentiel commercial d’un produit ou d’un procédé  innovant, à évaluer le niveau de prix de vente, à étudier la mise en conformité avec les réglementations en vigueur dans les pays cibles,…</p>\n<p>Public concerné / « Pour qui ? » : <strong>PME.</strong></p>\n<p>Montant de l’aide / « Combien ? » : 75% du budget global de l’étude.</p>', NULL),
(159, 'question', 'Votre objectif', NULL, NULL, NULL, NULL),
(160, 'help', 'Bourse Innovation', NULL, NULL, '<p>La bourse «Innovation» permet aux entreprises de s’investir dans un projet d’amélioration ou de développement de méthodes d’organisation ou commerciales, de design, de création de nouveaux produits ou services.</p>\n<p>Public concerné / « Pour qui ? » : TPE et PME de plus de 3 ans.</p>\n<p>Montant de l’aide / « Combien ? » : 80% maximum des dépenses éligibles plafonné à 12.500 euros.</p>', NULL),
(161, 'help', 'Bourse Innovation Développement durable', NULL, NULL, 'Pas encore d''informations sur cette aide', NULL),
(162, 'help', 'Prototyping', NULL, NULL, '<p>Subvention ou avance récupérable accordée aux entreprises pour la finalisation d’un prototype c’est-à-dire les activités de développement expérimental relatives au prototypage et étapes ultérieures de développement menant à la commercialisation.</p>\n<p>Public concerné / « Pour qui ? » : PME et Grande Entreprise.</p>\n<p>Montant de l’aide / « Combien ? » : 75% maximum des dépenses éligibles (avance récupérable) ou 60% maximum des dépenses éligibles (subvention).</p>\n<p>Opérateur en charge du dispositif :\nDirection générale opérationnelle Economie, Emploi et Recherche (DGO6)\nDirection des projets de recherche</p>', NULL),
(163, 'help', 'Novallia ', NULL, NULL, '<ul>\n    <li>Financement sous forme de prêt subordonné d’un projet d’innovation au sens large du terme : innovation représentant une amélioration/transformation réelle, offrant de nouveaux débouchés commerciaux à court terme et se situant au niveau du produit final, du processus de fabrication voire de distribution.</li>\n    <li>Public concerné: PME.</li>\n    <li>Montant de l’aide:\n        <ul>\n            <li>40% maximum des besoins en financement plafonné à 500.000 euros par projet;</li>\n            <li>durée maximale 10 ans avec franchise éventuelle de maximum 2 ans pour le remboursement en capital.</li>\n        </ul>\n    </li>\n    <li>Informations et contacts : <strong>NOVALLIA</strong> - filiale de la SOWALFIN</li>\n</ul>\n', NULL),
(166, 'help', 'Subvention Etude de faisabilité de logiciel innovant', NULL, NULL, '<p>Subvention permettant aux entreprises la réalisation, par un Centre de recherche agréé, une Université ou une Haute Ecole, d’une étude de faisabilité d’un projet de développement d’un nouveau logiciel d’intérêt industriel, préalablement à des activités de recherche industrielle ou de développement expérimental.</p>\n<p>PME ou Entreprise non autonome de taille restreinte.</p>\n<p>Montant de l''aide: 40% à 75% selon les caractéristiques de l’entreprise et selon que l’étude soit préalable à des activités de recherche industrielle ou de développement expérimental.</p>\n<p>Opérateur en charge du dispositif :\nDirection générale opérationnelle Economie, Emploi et Recherche (DGO6)\nDirection de l’accompagnement de la recherche</p>\n', NULL),
(167, 'help', 'Subvention Etude de faisabilité technique', NULL, NULL, '<p>Subvention permettant aux entreprises la réalisation, par un Centre de recherche agréé, une Université ou une Haute Ecole, d’une étude de faisabilité technique (analyses, mesures, essais, …) préalable au développement d’un produit ou d’un procédé nouveau.</p>\n<p>Public concerné : PME ou Entreprise non autonome de taille restreinte.</p>\n<p>Montant de l’aide  : 40% à 75% selon les caractéristiques de l’entreprise et selon que l’étude soit préalable à des activités de recherche industrielle ou de développement expérimental.</p>\n<p>Informations et contacts :\nOpérateur en charge du dispositif :\nDirection générale opérationnelle Economie, Emploi et Recherche (DGO6)\nDirection de l’accompagnement de la recherche</p>', NULL),
(168, 'help', 'Subvention Conseil en vue d''un transfert de technologie', NULL, NULL, '<p>Subvention accordée aux entreprises pour la réalisation, par un consultant externe, d’une étude dans le cadre d’un transfert de technologie : évaluer la technologie et la positionner sur son marché, estimer son potentiel de valorisation et préciser les enjeux stratégiques, identifier les besoins en formation et faire appel à une assistance juridique pour la négociation du contrat.</p>\n<p>Public concerné / « Pour qui ? » : PME.</p>\n<p>Montant de l’aide / « Combien ? » : 75% du budget global de l’étude.</p>\n<p>Opérateur en charge du dispositif :\nDirection générale opérationnelle Economie, Emploi et Recherche (DGO6)\nDirection de l’accompagnement de la recherche</p>', NULL),
(169, 'help', 'Subvention First-Entreprise', NULL, NULL, '<p>Subvention Programme FIRST Entreprise, sur base d’appel à projet, (Formation et Impulsion à la Recherche Scientifique et Technologique) permettant à l’entreprise de renforcer son potentiel scientifique et technologique en engageant un chercheur pour mener une recherche industrielle et d’assurer la formation de celui-ci par le biais d’un stage au sein :</p>\n<ul>\n<li>d’une Unité de recherche Universitaire;</li>\n<li>d’un Centre de recherche agréé;</li>\n<li>d’un Centre de recherche associé à une Haute Ecole;</li>\n<li>d’un Organisme public de recherche.</li>\n</ul>\n<p>Public concerné / « Pour qui ? » : PME et Grande Entreprise.</p>\nMontant de l’aide :\n<ul>\n<li>40% (subvention) pour une grande entreprise ;</li>\n<li>60% (subvention) pour une moyenne entreprise ;</li>\n<li>70% (subvention) pour une petite entreprise ;</li>\n<li>5.000 euros/semestre à l’organisme d’accueil.</li>\n</ul>\n\n<p>Opérateur en charge du dispositif : \nDirection générale opérationnelle Economie, Emploi et Recherche (DGO6)\nDirection des projets de recherche</p>\n', NULL),
(170, 'help', 'Subvention Responsable Projet de Recherche ', NULL, NULL, '<p>Subvention accordée aux entreprises pour l’engagement d’un Responsable Projet de Recherche (RPR) chargé de la conduite d’un projet de recherche industrielle tel que la conception d’un nouveau produit, l’élaboration d’un nouveau procédé de fabrication, une recherche ou une analyse technologique.</p>\n<p>Public concerné : PME.</p>\n<p>Montant de l’aide / « Combien ? » : 60% à 70% selon la taille de l’entreprise.</p>\n<p>Opérateur en charge du dispositif :\nDirection générale opérationnelle Economie, Emploi et Recherche (DGO6)\nDirection de l’accompagnement de la recherche</p>', NULL),
(171, 'help', 'Subvention Recherche industrielle', NULL, NULL, '<p>Subvention accordée aux entreprises pour la réalisation d’un projet de recherche industrielle : recherche planifiée ou enquêtes critiques pour l’acquisition de nouvelles connaissances et aptitudes visant à mettre au point de nouveaux produits, procédés ou services ou leur amélioration, à l’exclusion des prototypes.</p>\n<p>Public concerné / « Pour qui ? » : PME et Grande Entreprise.</p>\n<p>Montant de l’aide / « Combien ? » : 50% à 80% selon la taille de l’entreprise et les caractéristiques du projet.</p>\n<p>Informations et contacts :\nOpérateur en charge du dispositif :\nDirection générale opérationnelle Economie, Emploi et Recherche (DGO6)\nDirection des projets de recherche</p>', NULL),
(172, 'help', 'Avance récupérable Développement expérimental', NULL, NULL, '<p>Subvention et avance récupérable accordée aux entreprises pour la réalisation d’un projet de développement expérimental : acquisition, association, mise en forme et utilisation de connaissances et de techniques scientifiques, technologiques, commerciales et autres existantes en vue de produire des projets, des dispositifs ou des dessins pour la conception de produits, de procédés ou de services nouveaux, modifiés ou améliorés.</p>\n<p>Public concerné / « Pour qui ? » : PME et Grande Entreprise.</p>\n<p>Montant de l’aide / « Combien ? » : 40% à 75% selon la taille de l’entreprise et la nature de l’aide.</p>\n<p>Informations et contacts :\nOpérateur en charge du dispositif :\nDirection générale opérationnelle Economie, Emploi et Recherche (DGO6)\nDirection des projets de recherche</p>', NULL),
(173, 'help', 'Prototyping', NULL, NULL, '<p>Subvention ou avance récupérable accordée aux entreprises pour la finalisation d’un prototype c’est-à-dire les activités de développement expérimental relatives au prototypage et étapes ultérieures de développement menant à la commercialisation.</p>\n<p>Public concerné / « Pour qui ? » : PME et Grande Entreprise.</p>\n<p>Montant de l’aide / « Combien ? » : 75% maximum des dépenses éligibles (avance récupérable) ou 60% maximum des dépenses éligibles (subvention).</p>\n<p>Opérateur en charge du dispositif :\nDirection générale opérationnelle Economie, Emploi et Recherche (DGO6)\nDirection des projets de recherche</p>', NULL),
(174, 'help', 'Subvention partenariat innovation technologique', NULL, NULL, '<p>Subvention ou avance récupérable pour la réalisation d’un projet de recherche industrielle, d’un projet de développement expérimental ou des 2 dans le cadre d’un partenariat d’innovation technologique.</p>\nCe partenariat est relatif à un projet qui, à la fois :\n<ul>\n<li>associe au moins comme membres, sans exclure d’autres partenaires, plusieurs entreprises et plusieurs entités (Organismes publics de recherche, Universités, Hautes Ecoles, Centres de recherche agréés);</li>\n<li>a pour objet principal de réaliser ou de coordonner des recherches qui contribuent au développement scientifique, technologique et économique de la Wallonie.</li>\n</ul>\n<p>Public concerné / « Pour qui ? » : Organismes publics de recherche, Universités, Hautes Ecoles, Centres de recherche agréés, Entreprises (Pôles de compétitivité).</p>\n<p>Montant de l’aide / « Combien ? » : 40% à 100%.</p>\n<p>Opérateur en charge du dispositif :\nDirection générale opérationnelle Economie, Emploi et Recherche (DGO6)\nDirection des projets de recherche</p>', NULL),
(176, 'help', 'Subvention partenariat innovation technologique', NULL, NULL, '<p>Subvention ou avance récupérable pour la réalisation d’un projet de recherche industrielle, d’un projet de développement expérimental ou des 2 dans le cadre d’un partenariat d’innovation technologique.</p>\nCe partenariat est relatif à un projet qui, à la fois :\n<ul>\n<li>associe au moins comme membres, sans exclure d’autres partenaires, plusieurs entreprises et plusieurs entités (Organismes publics de recherche, Universités, Hautes Ecoles, Centres de recherche agréés);</li>\n<li>a pour objet principal de réaliser ou de coordonner des recherches qui contribuent au développement scientifique, technologique et économique de la Wallonie.</li>\n</ul>\n<p>Public concerné / « Pour qui ? » : Organismes publics de recherche, Universités, Hautes Ecoles, Centres de recherche agréés, Entreprises (Pôles de compétitivité).</p>\n<p>Montant de l’aide / « Combien ? » : 40% à 100%.</p>\n<p>Opérateur en charge du dispositif :\nDirection générale opérationnelle Economie, Emploi et Recherche (DGO6)\nDirection des projets de recherche</p>', NULL),
(177, 'help', 'Prototyping', NULL, NULL, '<p>Subvention ou avance récupérable accordée aux entreprises pour la finalisation d’un prototype c’est-à-dire les activités de développement expérimental relatives au prototypage et étapes ultérieures de développement menant à la commercialisation.</p>\n<p>Public concerné / « Pour qui ? » : PME et Grande Entreprise.</p>\n<p>Montant de l’aide / « Combien ? » : 75% maximum des dépenses éligibles (avance récupérable) ou 60% maximum des dépenses éligibles (subvention).</p>\n<p>Opérateur en charge du dispositif :\nDirection générale opérationnelle Economie, Emploi et Recherche (DGO6)\nDirection des projets de recherche</p>', NULL),
(178, 'help', 'BoostUp/Industries Créatives ', NULL, NULL, 'Pas encore d''informations sur cette aide', NULL),
(179, 'help', 'BoostUp-CrossMedia', NULL, NULL, 'Pas encore d''informations sur cette aide', NULL),
(180, 'url', 'Site web Novallia', NULL, NULL, 'http://www.novallia.be', NULL),
(181, 'url', 'Email', NULL, NULL, 'mailto:info@novallia.be', NULL),
(182, 'url', 'Fiche Midas', NULL, NULL, 'http://www.aides-entreprises.be/midas_web/fr/aide518.pdf', NULL),
(183, 'url', 'http://www.hoccinvest.be', NULL, NULL, 'http://www.hoccinvest.be', NULL),
(184, 'url', 'http://www.imbc.be', NULL, NULL, 'http://www.imbc.be', NULL),
(185, 'url', 'http://www.sambrinvest.be', NULL, NULL, 'http://www.sambrinvest.be', NULL),
(186, 'url', 'http://www.namurinvest.be', NULL, NULL, 'http://www.namurinvest.be', NULL),
(187, 'url', 'http://www.meusinvest.be', NULL, NULL, 'http://www.meusinvest.be', NULL),
(188, 'url', 'http://www.luxpme.be', NULL, NULL, 'http://www.luxpme.be', NULL);
INSERT INTO `node_properties` (`id`, `type`, `name`, `shortname`, `description`, `text`, `path`) VALUES
(189, 'url', 'invest@hoccinvest.be', NULL, NULL, 'mailto:invest@hoccinvest.be', NULL),
(190, 'url', 'secretariat@imbc.be', NULL, NULL, 'mailto:secretariat@imbc.be', NULL),
(191, 'url', 'sambrinvest@sambrinvest.be', NULL, NULL, 'mailto:sambrinvest@sambrinvest.be', NULL),
(192, 'url', 'info@meusinvest.be', NULL, NULL, 'mailto:info@meusinvest.be', NULL),
(193, 'url', 'info@luxpme.be', NULL, NULL, 'mailto:info@luxpme.be', NULL),
(194, 'url', 'Fiche Midas', NULL, NULL, 'http://www.aides-entreprises.be/midas_web/fr/aide540.pdf', NULL),
(195, 'url', 'http://recherche-technologie.wallonie.be', NULL, NULL, 'http://recherche-technologie.wallonie.be', NULL),
(196, 'url', ' accompagnement.recherche@spw.wallonie.be', NULL, NULL, ' accompagnement.recherche@spw.wallonie.be', NULL),
(197, 'url', 'Fiche Midas', NULL, NULL, 'http://www.aides-entreprises.be/midas_web/fr/aide008.pdf', NULL),
(198, 'url', 'http://recherche-technologie.wallonie.be', NULL, NULL, 'http://recherche-technologie.wallonie.be', NULL),
(199, 'url', 'Email', NULL, NULL, 'mailto:accompagnement.recherche@spw.wallonie.be', NULL),
(200, 'url', 'Fiche Midas', NULL, NULL, 'http://www.aides-entreprises.be/midas_web/fr/aide009.pdf', NULL),
(201, 'url', 'http://recherche-technologie.wallonie.be', NULL, NULL, 'http://recherche-technologie.wallonie.be', NULL),
(202, 'url', 'Email', NULL, NULL, 'mailto:raymond.montfort@spw.wallonie.be', NULL),
(203, 'url', 'Fiche Midas', NULL, NULL, 'http://www.aides-entreprises.be/midas_web/fr/aide363.pdf', NULL),
(204, 'url', 'http://recherche-technologie.wallonie.be', NULL, NULL, 'http://recherche-technologie.wallonie.be', NULL),
(205, 'url', 'Email', NULL, NULL, 'mailto:isabelle.florimont@spw.wallonie.be', NULL),
(206, 'url', 'Fiche Midas', NULL, NULL, 'http://www.aides-entreprises.be/midas_web/fr/aide167.pdf', NULL),
(207, 'url', 'http://recherche-technologie.wallonie.be', NULL, NULL, 'http://recherche-technologie.wallonie.be', NULL),
(208, 'url', 'Email', NULL, NULL, 'mailto:isabelle.florimont@spw.wallonie.be', NULL),
(209, 'url', 'Fiche Midas', NULL, NULL, 'http://www.aides-entreprises.be/midas_web/fr/aide164.pdf', NULL),
(210, 'url', 'http://recherche-technologie.wallonie.be', NULL, NULL, 'http://recherche-technologie.wallonie.be', NULL),
(211, 'url', 'Email', NULL, NULL, 'mailto:pol.flamend@spw.wallonie.be', NULL),
(212, 'url', 'Fiche Midas', NULL, NULL, 'http://www.aides-entreprises.be/midas_web/fr/aide362.pdf', NULL),
(213, 'url', 'http://recherche-technologie.wallonie.be', NULL, NULL, 'http://recherche-technologie.wallonie.be', NULL),
(214, 'url', 'Email', NULL, NULL, 'mailto:raymond.montfort@spw.wallonie.be', NULL),
(215, 'url', 'Fiche Midas', NULL, NULL, 'http://www.aides-entreprises.be/midas_web/fr/aide370.pdf', NULL),
(216, 'url', 'http://recherche-technologie.wallonie.be', NULL, NULL, 'http://recherche-technologie.wallonie.be', NULL),
(217, 'url', 'Email', NULL, NULL, 'mailto:alain.gillin@spw.wallonie.be', NULL),
(218, 'url', 'Fiche Midas', NULL, NULL, 'http://www.aides-entreprises.be/midas_web/fr/aide359.pdf', NULL),
(219, 'url', 'Partenariat économique international sur le site de l''AWEX', NULL, NULL, 'http://www.awex.be/fr-BE/Nos%20services%20%C3%A0%20l%27export/Tous%20les%20services/Pages/INCITANT%20F-Partenariat%20economique%20international.aspx', NULL),
(220, 'url', 'Email', NULL, NULL, 'mailto:s.romans@awex.be', NULL),
(221, 'url', 'Fiche Midas', NULL, NULL, 'http://www.aides-entreprises.be/midas_web/fr/aide207.pdf', NULL),
(222, 'url', 'Site web Novallia', NULL, NULL, 'http://www.novallia.be', NULL),
(223, 'url', 'Email', NULL, NULL, 'mailto:info@novallia.be', NULL),
(224, 'url', 'Fiche Midas', NULL, NULL, 'http://www.aides-entreprises.be/midas_web/fr/aide518.pdf', NULL),
(225, 'url', 'Site web', NULL, NULL, 'http://economie.wallonie.be/Dvlp_Economique/Projets_thematiques/presentation.html', NULL),
(226, 'url', 'Email', NULL, NULL, 'mailto:primeconseil@spw.wallonie.be', NULL),
(227, 'url', 'Fiche Midas', NULL, NULL, 'http://www.aides-entreprises.be/midas_web/fr/aide170.pdf', NULL),
(228, 'url', 'http://www.wallonie.be/fr/formulaire/detail3383', NULL, NULL, 'http://www.wallonie.be/fr/formulaire/detail3383', NULL),
(229, 'url', 'http://recherche-technologie.wallonie.be', NULL, NULL, 'http://recherche-technologie.wallonie.be', NULL),
(230, 'url', 'Email', NULL, NULL, 'mailto:raymond.montfort@spw.wallonie.be', NULL),
(231, 'url', 'Fiche Midas', NULL, NULL, 'http://www.aides-entreprises.be/midas_web/fr/aide371.pdf', NULL),
(232, 'url', 'Site web', NULL, NULL, 'http://www.wallonie.be/fr/formulaire/detail/2000 http://economie.wallonie.be/Dvlp_Economique/Projets_thematiques/presentation.html', NULL),
(233, 'url', 'Email', NULL, NULL, 'mailto:ebusiness@spw.wallonie.be', NULL),
(234, 'url', 'Fiche Midas', NULL, NULL, 'http://www.aides-entreprises.be/midas_web/fr/aide233.pdf', NULL),
(235, 'url', 'Site web', NULL, NULL, 'http://www.wallonie.be/fr/formulaire/detail/2009 http://economie.wallonie.be/Dvlp_Economique/Projets_thematiques/presentation.html', NULL),
(236, 'url', 'Email', NULL, NULL, 'ebusiness@spw.wallonie.be', NULL),
(237, 'url', 'Fiche Midas', NULL, NULL, 'http://www.aides-entreprises.be/midas_web/fr/aide216.pdf', NULL),
(238, 'help', 'Subvention Conseil en marketing Stratégique dans les PME', NULL, NULL, '<p>Subvention accordée aux entreprises pour la réalisation, par un consultant externe, d’une étude visant à connaître le potentiel commercial d’un produit ou d’un procédé  innovant, à évaluer le niveau de prix de vente, à étudier la mise en conformité avec les réglementations en vigueur dans les pays cibles,…</p>\n<p>Public concerné: PME</p>\n<p>Montant de l''aide: 75% du budget global de l’étude.</p>\n<p>Opérateur en charge du dispositif :\nDirection générale opérationnelle Economie, Emploi et Recherche (DGO6)\nDirection de l’accompagnement de la recherche</p>\n', NULL),
(239, 'url', 'http://recherche-technologie.wallonie.be', NULL, NULL, 'http://recherche-technologie.wallonie.be', NULL),
(240, 'url', 'Email', NULL, NULL, 'mailto:accompagnement.recherche@spw.wallonie.be', NULL),
(241, 'url', 'Fiche Midas', NULL, NULL, 'http://www.aides-entreprises.be/midas_web/fr/aide004.pdf', NULL),
(242, 'url', 'http://www.ct.innovons.be', NULL, NULL, 'http://www.ct.innovons.be', NULL),
(243, 'url', 'Email', NULL, NULL, 'mailto:ere@stimtech.be', NULL),
(244, 'url', 'Fiche Midas', NULL, NULL, 'http://www.aides-entreprises.be/midas_web/fr/aide368.pdf', NULL),
(245, 'url', 'http://recherche-technologie.wallonie.be', NULL, NULL, 'http://recherche-technologie.wallonie.be', NULL),
(246, 'url', 'Email', NULL, NULL, 'mailto:accompagnement.recherche@spw.wallonie.be', NULL),
(247, 'url', 'Fiche Midas', NULL, NULL, 'http://www.aides-entreprises.be/midas_web/fr/aide009.pdf', NULL),
(248, 'url', 'http://recherche-technologie.wallonie.be', NULL, NULL, 'http://recherche-technologie.wallonie.be', NULL),
(249, 'url', 'Email', NULL, NULL, 'accompagnement.recherche@spw.wallonie.be', NULL),
(250, 'url', 'Fiche Midas', NULL, NULL, 'http://www.aides-entreprises.be/midas_web/fr/aide009.pdf', NULL),
(251, 'url', 'http://recherche-technologie.wallonie.be', NULL, NULL, 'http://recherche-technologie.wallonie.be', NULL),
(252, 'url', 'Email', NULL, NULL, 'mailto:accompagnement.recherche@spw.wallonie.be', NULL),
(253, 'url', 'Fiche Midas', NULL, NULL, 'http://www.aides-entreprises.be/midas_web/fr/aide142.pdf', NULL),
(254, 'url', 'http://recherche-technologie.wallonie.be', NULL, NULL, 'http://recherche-technologie.wallonie.be', NULL),
(255, 'url', 'Email', NULL, NULL, 'mailto:raymond.montfort@spw.wallonie.be', NULL),
(256, 'url', 'Fiche Midas', NULL, NULL, 'http://www.aides-entreprises.be/midas_web/fr/aide363.pdf', NULL),
(257, 'url', 'http://recherche-technologie.wallonie.be', NULL, NULL, 'http://recherche-technologie.wallonie.be', NULL),
(258, 'url', 'Email', NULL, NULL, 'accompagnement.recherche@spw.wallonie.be', NULL),
(259, 'url', 'Fiche Midas', NULL, NULL, 'http://www.aides-entreprises.be/midas_web/fr/aide006.pdf', NULL),
(260, 'url', 'http://recherche-technologie.wallonie.be', NULL, NULL, 'http://recherche-technologie.wallonie.be', NULL),
(261, 'url', 'Email', NULL, NULL, 'mailto:isabelle.florimont@spw.wallonie.be', NULL),
(262, 'url', 'Fiche Midas', NULL, NULL, 'http://www.aides-entreprises.be/midas_web/fr/aide167.pdf', NULL);

--
-- Contenu de la table `quizzes`
--

INSERT INTO `quizzes` (`id`, `name`, `slug`, `description`, `created`, `updated`, `accessed`, `current_editor`, `locked`, `published`) VALUES
(1, 'Financez votre projet', 'financez-votre-projet', 'Pour trouver l''aide financière qui convient à votre projet', '2013-12-04 22:33:40', '2013-12-27 22:41:58', NULL, NULL, 0, 1);

--
-- Contenu de la table `users`
--

INSERT INTO `users` (`id`, `username`, `name`, `firstname`, `telephone`, `email`, `password`, `roles`, `register_key`, `activated`, `last_login`) VALUES
(1, 'admin', 'Istrateur', 'Admin', NULL, 'foo@bar.baz', '5FZ2Z8QIkA7UTZ4BYkoC+GsReLf569mSKDsfods6LYQ8t+a8EW9oaircfMpmaLbPBh4FOBiiFyLfuZmTSUwzZg==', 'ROLE_ADMIN', NULL, 1, '2013-12-28 07:22:48'),
(3, NULL, 'Berger', 'Jonathan', '0498732270', 'jonathan@paperpixel.net', '5FZ2Z8QIkA7UTZ4BYkoC+GsReLf569mSKDsfods6LYQ8t+a8EW9oaircfMpmaLbPBh4FOBiiFyLfuZmTSUwzZg==', '', NULL, 1, '2013-12-21 17:54:48'),
(4, NULL, 'Reuter', 'Etienne', '04 220 16 00', 'ERe@stimtech.be', 'lRLa3L6ZQTk+p6bdcoWrrN6HmqIjk9EyMdprCsY0U/VI0nJk54gWltYVNmEw16pMcz55Sf1dYz6KziSBq0GNLA==', 'ROLE_ADMIN', NULL, 1, '2013-12-20 17:14:48');
SET FOREIGN_KEY_CHECKS=1;

/*!40101 SET CHARACTER_SET_CLIENT=@OLD_CHARACTER_SET_CLIENT */;
/*!40101 SET CHARACTER_SET_RESULTS=@OLD_CHARACTER_SET_RESULTS */;
/*!40101 SET COLLATION_CONNECTION=@OLD_COLLATION_CONNECTION */;
